date,time,ip_address,user_name,app_name,app_version,downloaded_file
9/10/2006,5:06 PM,237.25.82.10,krambadt0,Solarbreeze,5.38,MaurisViverraDiam.mpeg
5/11/1985,12:00 AM,88.83.209.72,kpipping1,Tin,0.57,QuisTurpisEget.avi
10/28/1993,12:41 PM,37.212.56.246,bhebbs2,Zoolab,8.94,Neque.txt
5/19/2006,8:37 AM,183.89.214.172,gromeo3,Tin,1.25,Blandit.mp3
9/23/1985,5:48 PM,124.188.239.203,hmatveyev4,Tresom,0.6.9,OdioCrasMi.tiff
2/25/1998,9:01 PM,146.211.5.63,ddabnor5,Hatity,3.3.9,PorttitorPede.pdf
7/26/1982,1:10 PM,25.19.165.86,mfreak6,Y-find,0.35,Risus.xls
1/11/2003,7:14 PM,97.244.0.204,lsimmens7,Bitwolf,0.8.6,IdLobortis.xls
10/17/2016,3:18 PM,26.80.72.88,tsapena8,Zaam-Dox,0.1.8,Morbi.avi
10/8/1985,1:27 AM,206.241.66.96,sadrian9,Alphazap,0.4.0,MiPedeMalesuada.xls
8/12/1991,8:38 PM,88.149.255.205,pgershoma,Latlux,6.89,Dui.doc
2/1/2014,4:18 AM,20.243.40.23,egirodonb,Viva,4.14,Enim.mov
7/31/2005,10:39 AM,68.254.0.163,rmackartanc,Lotstring,0.8.9,InEleifendQuam.mpeg
3/28/2003,6:08 PM,213.251.141.226,klettleyd,Tres-Zap,7.2.5,VelSem.avi
1/5/2004,4:40 PM,74.174.106.28,rbrauntone,Duobam,6.6.8,Erat.jpeg
12/26/1983,10:07 PM,159.170.227.115,livantyevf,Andalax,0.51,Quam.gif
6/14/2000,12:34 AM,142.74.206.10,flindwallg,Lotlux,5.63,LigulaNec.png
9/20/1993,7:09 PM,164.64.142.26,hguilloudh,Bamity,0.56,PulvinarNulla.ppt
3/5/1986,3:35 PM,103.11.3.3,wpottelli,Tempsoft,5.0,SedTinciduntEu.mp3
9/1/1991,6:28 AM,13.184.154.201,swakleyj,Duobam,0.1.5,InLeo.mp3
12/3/2005,7:11 AM,95.165.33.193,jnuttyk,Domainer,7.02,MattisNibh.doc
3/10/2000,2:25 AM,180.219.112.192,dmontfortl,Transcof,4.2.3,Vestibulum.mpeg
4/26/2008,7:49 AM,65.203.177.169,gtomasinom,Home Ing,0.51,DictumstEtiamFaucibus.doc
8/27/1986,4:50 AM,245.149.228.189,achavezn,Hatity,4.21,Tempor.tiff
2/22/1994,3:24 PM,216.121.215.250,hcantono,Fixflex,0.6.6,IdMauris.mp3
1/20/2007,5:07 PM,126.223.133.61,rpoguep,Lotstring,7.4,Id.avi
5/11/1990,9:15 PM,108.28.35.33,cjoirisq,Zontrax,2.22,Justo.avi
3/8/1996,2:12 PM,111.128.151.155,jscamalr,Tampflex,0.37,EratCurabiturGravida.mp3
12/3/2009,4:43 AM,72.238.80.8,dziemss,Ronstring,9.5.2,OrciNullamMolestie.ppt
12/3/2001,7:43 PM,169.28.130.15,mbarclayt,Kanlam,0.7.4,PraesentBlandit.mp3
3/26/1996,8:27 AM,141.246.133.210,bmoyesu,Aerified,5.9.9,Ut.doc
2/22/2008,7:40 PM,51.53.100.53,eboolev,Zamit,1.00,HabitassePlatea.pdf
7/25/2013,1:22 AM,245.3.129.240,owensleyw,Matsoft,0.8.3,In.xls
5/21/2002,8:21 PM,43.229.149.13,pkilvingtonx,Stronghold,0.30,MagnaVulputateLuctus.tiff
12/6/2009,6:14 AM,6.254.97.235,dconstantiney,Domainer,0.82,SitAmet.ppt
10/22/2006,5:58 AM,83.141.123.93,pumbersz,Toughjoyfax,8.58,OdioConsequat.ppt
6/15/1986,2:58 PM,44.194.165.247,lcrosston10,Tresom,9.99,Vestibulum.jpeg
3/15/2006,8:28 AM,118.24.149.249,arudeforth11,Rank,3.65,VariusUtBlandit.tiff
10/3/1986,7:04 PM,252.14.178.234,srawlence12,Wrapsafe,0.9.3,EstCongue.mp3
8/26/2004,2:10 AM,102.81.36.83,dwoodrough13,Zamit,0.42,Sit.avi
6/10/1996,5:24 AM,88.160.209.121,vgouldeby14,Tres-Zap,1.7.6,OrciLuctusEt.jpeg
3/11/1994,9:04 PM,103.84.61.144,rrusted15,Stringtough,0.68,LobortisConvallis.tiff
10/21/2014,4:42 PM,52.223.94.168,ecruise16,Aerified,1.7.7,ImperdietEt.jpeg
8/27/2002,9:44 AM,147.109.237.203,llefever17,Tresom,4.7,FelisDonecSemper.avi
8/28/2008,12:31 AM,75.47.98.74,dglaserman18,Sub-Ex,9.0,Curabitur.gif
9/24/1984,7:45 PM,232.122.252.90,kbotterill19,Bitchip,0.3.3,SedVelEnim.ppt
2/12/1985,1:24 PM,27.215.9.23,lpauly1a,Stim,7.3,QuisqueUt.mp3
1/26/1984,9:48 AM,74.57.202.167,gmcrorie1b,Cardguard,9.93,InFaucibus.avi
8/22/2003,1:52 PM,32.230.174.56,emicco1c,Overhold,2.9.0,SollicitudinMiSit.mpeg
12/16/1989,4:05 AM,74.147.252.7,wdicky1d,Holdlamis,0.61,Eget.jpeg
6/17/2011,8:54 AM,209.217.118.99,tgrim1e,Zoolab,7.74,PedeVenenatis.xls
10/22/2012,4:33 PM,81.232.168.206,utillerton1f,Stronghold,0.1.8,NislNunc.doc
6/20/1983,4:03 AM,185.196.250.42,hcartwight1g,Fix San,0.64,AliquamSitAmet.mp3
10/27/2012,1:53 AM,68.183.200.254,savramovsky1h,Transcof,6.1,LiberoConvallisEget.gif
7/2/2007,2:39 AM,58.7.187.239,hcuphus1i,Solarbreeze,8.5,VolutpatInCongue.jpeg
8/31/1998,5:40 AM,156.185.92.205,emacconachy1j,Tampflex,0.34,Sapien.tiff
5/14/2011,12:33 AM,249.119.24.105,nmollon1k,Viva,0.55,RidiculusMusEtiam.xls
7/26/2017,10:44 PM,44.81.160.219,wbrenston1l,Gembucket,7.04,QuisLectus.tiff
10/29/2017,8:44 PM,189.254.171.194,gcrean1m,Holdlamis,0.9.2,VestibulumSitAmet.gif
4/5/1995,5:38 PM,162.242.228.69,kberndt1n,Biodex,0.95,Lobortis.mp3
2/17/1986,12:10 AM,34.69.134.28,mkondratenya1o,Konklab,0.1.2,In.mov
8/28/1996,2:51 AM,226.118.250.245,jsline1p,Namfix,4.5.1,BibendumImperdietNullam.tiff
8/3/2015,12:13 AM,41.55.194.209,cedensor1q,Pannier,3.9.2,Maecenas.pdf
4/26/1994,7:02 AM,2.78.71.206,sforstall1r,Fixflex,0.13,HendreritAt.tiff
5/29/1983,1:02 AM,176.209.140.151,lwilleman1s,Temp,0.32,PrimisIn.xls
11/23/1983,4:35 AM,194.114.106.200,dhatherley1t,Voyatouch,3.7.9,Vel.mp3
7/20/2004,11:23 PM,192.44.56.28,phinchcliffe1u,Redhold,8.4.1,EgetEleifendLuctus.tiff
12/11/2017,11:23 PM,165.230.189.235,egoodyear1v,Fintone,0.53,IntegerAc.pdf
5/9/2007,4:03 AM,115.206.18.15,dpolycote1w,Fix San,0.60,Porttitor.mp3
6/6/2009,11:01 AM,84.83.167.131,wschild1x,Kanlam,6.5,TinciduntAnteVel.ppt
1/9/1991,8:46 AM,189.166.250.85,kluscott1y,Otcom,9.11,IdNislVenenatis.ppt
2/5/2011,6:40 PM,161.13.119.199,scockayme1z,Y-Solowarm,0.52,EuTinciduntIn.mpeg
1/30/1994,4:16 AM,144.140.121.172,amccurlye20,Alpha,0.4.0,FermentumDonec.xls
11/13/2011,9:38 PM,143.34.17.38,msmedmoor21,Transcof,7.82,IpsumDolor.ppt
12/16/2016,10:50 AM,44.243.34.121,wquaintance22,Wrapsafe,0.43,SuscipitLigulaIn.mp3
2/4/1984,1:32 PM,96.159.160.110,jbathow23,Stronghold,6.56,Elit.ppt
5/22/2012,10:34 AM,49.128.97.252,jworks24,Fintone,0.20,Dui.ppt
4/28/1991,11:07 AM,244.39.32.98,dpauluzzi25,Bamity,9.0.4,Accumsan.avi
9/19/1993,10:39 PM,192.55.101.58,jfranseco26,Ronstring,0.2.4,Euismod.ppt
4/2/1996,4:52 PM,0.249.244.44,rdunniom27,Sub-Ex,4.48,VariusUtBlandit.mp3
7/10/1993,8:05 PM,64.39.21.120,twressell28,Asoka,0.4.8,EleifendQuamA.xls
4/23/1995,4:49 PM,247.119.11.137,fdearl29,Overhold,4.7.3,QuisqueArcu.mp3
5/18/1987,7:52 AM,61.123.242.84,mlarby2a,Y-Solowarm,1.6,Ipsum.doc
9/13/2007,7:29 AM,86.223.67.19,napplegate2b,Stronghold,8.78,ViverraPedeAc.ppt
12/15/1993,7:22 AM,116.150.114.106,lnortunen2c,Alphazap,5.1,IntegerA.doc
10/11/2014,9:23 PM,145.205.73.104,aabba2d,Cookley,0.80,PellentesqueAtNulla.xls
7/5/2014,1:04 AM,231.123.103.100,ffreschi2e,Toughjoyfax,7.1,GravidaNisi.xls
4/25/1982,9:28 AM,97.138.191.132,mclackers2f,Lotlux,9.3,VenenatisNonSodales.mp3
8/6/1982,1:36 PM,156.36.12.188,dblacktin2g,Veribet,0.15,PretiumIaculis.txt
11/4/2013,4:10 PM,45.28.223.135,iskelhorn2h,Lotlux,8.2.4,Pellentesque.mp3
11/30/1996,7:49 AM,178.1.66.91,lkeslake2i,Alpha,8.59,PlateaDictumst.mp3
7/17/1988,3:15 AM,157.152.50.94,oblade2j,Fixflex,5.61,Aliquet.xls
9/3/2015,5:14 PM,205.124.238.60,pmattheis2k,Otcom,5.76,Morbi.pdf
9/15/2012,3:35 AM,236.91.190.191,bdomenge2l,Latlux,5.5,EnimLeoRhoncus.txt
12/26/1999,10:07 AM,240.222.238.233,ccowling2m,Prodder,6.0.3,SodalesSed.xls
5/7/1993,5:40 PM,123.104.85.184,rgerb2n,Zathin,9.9,EstLaciniaNisi.tiff
6/3/2012,7:11 AM,203.147.0.151,dhaldon2o,Rank,0.5.7,PosuereCubiliaCurae.pdf
4/12/1983,11:04 PM,141.233.123.251,lrosini2p,Gembucket,0.7.5,PhasellusSit.ppt
10/7/1992,4:26 PM,14.208.244.83,mlefevre2q,Zaam-Dox,0.43,EstLacinia.ppt
2/20/1983,9:39 AM,100.120.34.114,hsprague2r,Sonair,5.76,SapienQuisLibero.ppt
1/18/2008,7:03 PM,119.140.202.237,hnutbrown2s,Opela,2.0,MorbiQuis.avi
7/17/1995,12:24 PM,84.155.129.197,vsleith2t,Otcom,8.3.0,AnteVestibulum.avi
8/22/2017,6:31 PM,15.206.95.145,dmellish2u,Tin,0.57,IpsumPraesent.mp3
4/26/1984,5:54 AM,6.145.122.252,gturle2v,Otcom,1.7.8,UltricesVelAugue.ppt
4/23/2006,6:36 AM,246.92.86.36,rjaffrey2w,Prodder,0.3.2,Nibh.avi
7/26/1996,9:06 AM,96.61.166.173,grippingale2x,Sub-Ex,3.81,SitAmet.gif
11/23/1984,6:30 PM,229.137.216.28,rbogaert2y,Tampflex,0.99,Metus.tiff
12/14/2001,11:54 AM,90.109.67.215,kerley2z,Fintone,1.6,IdMaurisVulputate.txt
8/23/2005,1:28 AM,134.251.200.201,gscarf30,Redhold,4.2.2,VenenatisNon.ppt
2/22/2002,5:22 AM,49.232.145.60,spaine31,Domainer,0.98,InLacusCurabitur.txt
4/6/1996,3:30 PM,12.188.240.138,kduckett32,Transcof,5.2,AmetNullaQuisque.mp3
12/16/2005,12:25 AM,151.196.246.60,vfuster33,Alphazap,2.7,RutrumAcLobortis.avi
2/22/1986,8:51 PM,47.176.139.68,bwarters34,Sub-Ex,5.3,SapienArcuSed.mpeg
8/9/1988,8:49 PM,214.172.214.86,lpresland35,Hatity,0.20,VitaeNisiNam.jpeg
3/3/1988,7:42 AM,225.252.173.47,clongworthy36,Fix San,0.10,Sed.png
4/5/2013,10:30 PM,218.196.30.27,mrosenfelder37,Bigtax,0.93,Erat.xls
12/7/2011,11:34 PM,75.145.223.24,fbarnhill38,Rank,0.5.3,Parturient.mov
9/13/1992,6:14 AM,206.198.228.230,emateo39,Trippledex,0.6.1,LaciniaSapien.ppt
5/4/1983,7:59 AM,56.31.159.31,eberriball3a,Sonair,3.9,MaecenasRhoncusAliquam.tiff
2/27/1984,11:25 PM,69.220.153.132,dshawel3b,Bytecard,2.4,Donec.gif
12/5/2001,11:20 AM,161.195.88.244,etoderini3c,Latlux,0.7.5,EratFermentum.avi
7/28/2004,5:31 AM,220.85.214.220,lscotcher3d,Otcom,9.91,ConvallisNulla.xls
4/25/2017,3:48 PM,250.205.60.122,mmccart3e,Mat Lam Tam,4.1.1,EtEros.gif
1/16/1996,10:08 AM,216.203.159.252,harangy3f,Flexidy,0.9.7,PellentesqueAt.xls
6/26/2004,2:10 PM,242.201.164.110,plidgley3g,Veribet,0.64,Amet.avi
11/12/1991,10:43 PM,97.251.246.225,tblacktin3h,Subin,0.3.3,Lacinia.avi
11/17/1983,2:06 PM,85.165.40.57,jwestern3i,Bamity,0.1.3,Luctus.avi
12/17/1991,3:35 PM,28.36.245.199,ubrinson3j,Tres-Zap,0.4.3,IpsumAliquamNon.mp3
12/18/2007,3:57 PM,13.153.184.45,lgallemore3k,Span,0.84,Odio.mp3
10/2/1998,6:08 AM,4.15.254.149,pbrigshaw3l,Alpha,0.9.0,SedMagna.pdf
11/26/2003,11:07 AM,66.189.15.185,anairn3m,Y-find,0.88,Vehicula.avi
8/2/2017,4:26 AM,161.211.62.82,brizzardi3n,Fintone,0.69,IpsumDolor.gif
11/25/1983,3:50 PM,200.95.60.20,ahardey3o,Tampflex,0.8.3,EstPhasellus.avi
8/5/1985,12:29 AM,86.54.218.101,tespin3p,Prodder,0.30,InHac.ppt
9/15/2008,2:55 PM,220.217.93.39,fbendall3q,Prodder,5.3,DolorMorbi.ppt
9/11/1986,1:40 PM,190.129.126.32,swinslow3r,Redhold,0.6.5,AmetSem.txt
10/13/2005,4:23 PM,83.8.197.69,cmcgowran3s,Asoka,0.50,ProinAtTurpis.avi
7/18/1994,7:56 AM,194.137.45.215,sliddon3t,Bigtax,3.8,Massa.xls
8/8/1990,12:55 PM,168.8.192.253,jcurrie3u,Keylex,9.97,CrasPellentesqueVolutpat.xls
8/16/1999,1:35 PM,61.44.232.76,dbellow3v,Stronghold,5.3,ErosVestibulum.xls
9/28/2012,9:12 AM,166.206.1.151,aferrolli3w,Duobam,0.51,Imperdiet.mpeg
10/27/2010,10:43 PM,189.31.13.243,cpetchey3x,Rank,0.63,AtLorem.tiff
12/23/1992,4:16 AM,139.37.216.249,celmore3y,Home Ing,9.2,DapibusAugue.avi
7/21/1991,9:23 PM,31.73.70.33,bdarte3z,Ronstring,1.5,VelAccumsan.ppt
8/2/1994,4:17 PM,169.202.124.219,cgadie40,Stim,0.4.1,LigulaPellentesqueUltrices.jpeg
10/16/2001,12:29 AM,191.74.63.12,laldington41,Holdlamis,0.57,LectusIn.xls
12/20/2001,10:01 AM,160.100.7.169,kmallam42,Veribet,0.40,MolestieNibhIn.doc
9/9/2008,4:02 AM,62.2.66.218,jheathcoat43,Y-find,0.28,ViverraEget.ppt
7/4/2006,8:05 PM,239.90.45.167,khonisch44,Cardguard,0.15,Sed.avi
4/13/2005,4:30 PM,95.46.111.184,hsallery45,Y-Solowarm,6.5,Quis.xls
5/3/2013,6:36 PM,24.114.68.25,anorwood46,Fix San,6.7.3,Odio.ppt
6/29/2009,10:57 AM,238.38.50.14,randren47,Asoka,8.4.2,SitAmet.png
6/25/1983,5:31 PM,222.243.111.117,nmatthensen48,Tres-Zap,3.7.4,NullamOrciPede.doc
4/28/1992,7:29 PM,35.218.10.58,rdrakes49,Biodex,0.11,TemporConvallisNulla.xls
8/15/2013,8:32 AM,253.143.59.72,dbuckland4a,Wrapsafe,4.5.4,LacusAt.xls
2/27/2004,5:16 AM,216.130.74.7,fdolton4b,Namfix,9.3,OrciEgetOrci.doc
12/10/1990,10:42 PM,83.241.67.247,cewbanche4c,Tresom,5.3,InSagittisDui.ppt
7/2/2015,9:13 AM,4.46.236.248,dbudge4d,Solarbreeze,5.7.6,Maecenas.jpeg
8/6/1993,12:09 PM,38.201.212.193,ktyght4e,Voyatouch,9.7,Ligula.xls
2/24/2012,11:44 AM,61.17.220.40,fwestcot4f,Bitwolf,7.12,ElitSodales.tiff
3/5/1986,12:24 AM,136.141.102.48,dmusslewhite4g,Regrant,4.9.0,JustoAliquamQuis.avi
6/6/1996,10:29 PM,199.235.136.18,aharriott4h,Vagram,1.72,IdConsequat.mov
2/4/2008,7:04 AM,189.77.60.101,lmalter4i,Flexidy,3.1.2,SapienCursusVestibulum.txt
3/7/2018,8:45 PM,83.161.194.113,mdiaper4j,Rank,4.61,CuraeDuis.xls
3/17/2007,11:20 PM,91.225.215.174,cradolf4k,Namfix,0.93,Congue.mp3
4/8/1982,5:27 PM,35.31.68.12,rkerwin4l,Andalax,5.18,UtErat.xls
10/10/2014,8:31 PM,100.35.181.170,amcpartlin4m,Bamity,9.38,Magna.xls
3/16/1984,4:22 PM,28.1.248.202,faleksidze4n,Konklux,0.7.8,DuiVelSem.mp3
1/18/1985,2:19 PM,48.9.90.174,avanderbrugge4o,Stim,0.57,Viverra.gif
10/7/2010,7:47 AM,90.176.154.28,mgeard4p,Keylex,0.76,FelisEuSapien.jpeg
11/23/1989,6:15 PM,185.190.49.60,ncovely4q,Bitwolf,0.90,DonecQuisOrci.xls
4/7/1987,7:49 AM,76.250.38.102,lrowan4r,Prodder,0.5.4,Nibh.xls
10/2/2000,2:54 PM,19.9.59.181,acolledge4s,Ronstring,9.82,PraesentLectusVestibulum.mpeg
5/27/2015,4:46 AM,39.127.110.27,ctokley4t,Gembucket,0.9.8,AliquetMassa.mp3
8/14/2010,5:10 AM,157.98.15.164,spurviss4u,Overhold,1.7.4,TempusVivamusIn.mp3
11/13/1998,7:13 PM,186.51.79.214,bbarltrop4v,Opela,3.6,AmetEros.mp3
9/30/2015,11:54 AM,172.13.52.4,rfrankcomb4w,Kanlam,8.3,Facilisi.gif
4/15/1987,6:51 AM,57.171.109.251,kglason4x,Cookley,0.70,PellentesqueEgetNunc.mp3
10/8/1983,6:47 PM,94.100.229.246,bleyshon4y,Lotlux,5.39,NisiEuOrci.mp3
7/12/1984,11:18 PM,212.221.12.37,dayshford4z,Konklab,0.5.6,Id.avi
5/9/2005,8:46 AM,14.101.22.172,brummins50,Flowdesk,0.41,Mattis.txt
8/29/1997,10:46 PM,231.210.15.216,trijkeseis51,Regrant,0.38,Justo.mpeg
10/4/2015,3:42 AM,16.102.7.194,tbentham52,Rank,0.36,Luctus.jpeg
12/16/1986,3:13 AM,195.216.80.120,gadame53,Stim,0.65,RutrumNullaNunc.jpeg
12/17/1990,10:23 AM,172.174.85.217,emedler54,Voltsillam,0.30,Nulla.ppt
9/14/2002,9:40 PM,229.205.145.249,skauble55,Holdlamis,0.55,SedNislNunc.avi
1/30/2003,1:19 AM,43.201.205.103,vemmott56,Transcof,0.5.3,DuiProin.gif
2/11/2003,11:41 PM,48.248.110.239,mkesteven57,Matsoft,0.9.5,Curae.avi
11/25/2007,11:15 PM,174.95.194.189,jauden58,Alpha,4.6.1,In.ppt
6/10/2000,8:25 PM,180.136.180.178,cwildman59,Bitwolf,4.2.2,Ligula.tiff
8/3/2015,5:18 AM,86.60.206.2,jcortnay5a,Latlux,0.1.4,MolestieHendreritAt.mov
6/21/1983,9:04 AM,225.120.59.46,dbraybrooks5b,Aerified,3.91,Non.ppt
4/2/1990,4:53 PM,111.81.158.96,rlinder5c,Prodder,4.3.9,PretiumIaculisJusto.mpeg
9/21/2010,1:26 AM,90.197.116.39,dslocum5d,Lotstring,0.22,Montes.ppt
8/30/1983,12:50 AM,16.144.40.105,kbaraclough5e,Y-find,6.3,LacusCurabiturAt.ppt
7/13/1987,10:02 AM,87.230.54.172,ileadbeatter5f,Prodder,5.1.0,AmetConsectetuerAdipiscing.mp3
4/21/2015,9:14 AM,221.48.249.19,oshory5g,Tempsoft,0.9.9,NonMiInteger.xls
12/14/2012,3:38 PM,17.34.161.233,dbaert5h,Tresom,7.0.2,PellentesqueViverraPede.avi
1/28/1987,3:45 PM,101.203.13.4,spenwright5i,Cardguard,3.08,VelAugueVestibulum.xls
7/23/1995,1:07 PM,199.200.71.255,skerins5j,Stronghold,3.0,ConsequatMorbi.xls
7/7/2005,12:29 AM,219.247.14.23,mpre5k,Transcof,9.3.8,At.mpeg
7/19/2010,11:17 AM,220.62.121.143,npeart5l,Tresom,0.2.8,SapienIaculisCongue.mp3
4/28/1986,5:46 PM,180.217.82.83,apurslow5m,Voltsillam,0.61,MaecenasPulvinar.jpeg
9/4/2006,9:44 PM,188.218.137.242,hcuttles5n,Lotstring,1.0.0,Vulputate.pdf
12/15/1984,10:19 AM,137.144.84.3,slanning5o,Trippledex,0.2.1,NullaNislNunc.gif
8/27/2016,5:49 AM,104.94.138.165,pzambonini5p,Regrant,0.60,BlanditNamNulla.xls
2/3/1985,8:55 AM,19.110.108.253,zcortnay5q,Viva,2.68,Ullamcorper.txt
12/21/1999,3:15 AM,109.75.210.38,mcarwardine5r,Overhold,0.87,In.ppt
6/2/2004,5:46 PM,172.17.148.104,idecleen5s,Lotlux,0.4.4,Aliquam.avi
3/12/1997,11:03 PM,95.90.68.116,pvayne5t,Tin,4.1.9,CuraeMaurisViverra.mpeg
9/2/2009,1:07 AM,245.166.43.159,uunthank5u,Temp,9.5,LigulaSuspendisse.avi
7/20/2012,3:23 AM,241.121.155.244,sadlam5v,Rank,8.34,Ut.xls
4/15/2002,8:19 PM,219.82.89.225,spitrasso5w,Job,1.33,InQuamFringilla.jpeg
11/22/2015,8:09 AM,246.33.178.210,apaler5x,Span,0.9.8,MassaId.jpeg
5/18/2012,12:41 AM,119.172.144.61,bjeffery5y,Job,8.6.9,RhoncusAliquet.avi
3/23/2016,9:10 PM,141.152.219.109,bleverton5z,Treeflex,0.7.8,EtUltricesPosuere.ppt
11/11/2012,8:25 PM,169.206.100.160,ewashtell60,Sonair,7.5,LaciniaNisiVenenatis.xls
8/25/1984,2:43 AM,119.191.193.81,eortmann61,Alphazap,2.5.0,SitAmetSapien.tiff
5/8/2008,3:20 PM,112.93.166.76,rmarlor62,Veribet,0.23,SapienPlaceratAnte.tiff
6/15/1986,6:51 PM,178.51.237.46,uvoysey63,Holdlamis,4.24,FaucibusOrci.avi
11/10/1982,11:50 PM,223.65.98.109,knovotna64,Veribet,0.2.9,NibhLigulaNec.avi
12/11/2000,4:49 AM,68.153.58.34,omathou65,Wrapsafe,0.29,SapienIaculisCongue.avi
10/13/2003,10:25 PM,45.8.220.210,gyallowley66,Tres-Zap,2.1,NullaSedAccumsan.xls
5/8/1990,3:32 PM,195.56.107.122,pmcmennum67,Tresom,0.22,Tincidunt.mov
5/19/2009,3:02 PM,73.27.155.53,ibrolan68,Zontrax,3.66,ParturientMontesNascetur.jpeg
3/23/2000,8:56 AM,119.125.124.77,hkestian69,Prodder,8.8.2,TellusSemper.pdf
5/31/1986,1:27 PM,95.130.228.80,eparoni6a,Solarbreeze,0.4.4,Lorem.mp3
12/28/2016,10:45 AM,147.238.229.195,kspringthorpe6b,Veribet,1.5,Ipsum.mp3
11/11/1988,3:01 AM,92.16.152.241,wbenford6c,Vagram,8.17,Nisl.ppt
3/20/1992,12:47 PM,110.105.190.104,cdockwra6d,Treeflex,4.88,VariusInteger.mp3
9/23/1998,7:52 PM,252.245.187.202,mcastlake6e,Quo Lux,9.5,InLectusPellentesque.mov
7/14/1983,11:33 AM,17.70.209.245,tborrington6f,Subin,0.7.4,LuctusTinciduntNulla.pdf
6/1/2012,3:06 AM,47.196.35.147,bwilber6g,Solarbreeze,3.8.3,DonecPharetraMagna.avi
9/17/2017,1:15 PM,142.112.55.37,tbalducci6h,Bytecard,4.0.6,Justo.gif
10/5/2014,3:49 PM,206.226.245.43,astockhill6i,Gembucket,9.3.5,AcDiamCras.tiff
5/23/1993,9:20 AM,121.217.65.110,voflannery6j,Domainer,0.1.4,PellentesqueVolutpatDui.xls
7/3/2007,6:32 PM,248.102.200.86,sdemoreno6k,Stim,0.71,SapienPlacerat.tiff
4/27/2007,10:42 PM,145.23.209.33,csquier6l,Span,7.3,LacusAtTurpis.xls
12/17/1999,10:06 AM,154.61.97.169,ispawforth6m,Latlux,0.7.2,Pretium.jpeg
6/24/2009,4:28 PM,82.21.3.186,eleathlay6n,Zontrax,2.2,Aliquam.avi
1/6/2005,11:01 PM,118.222.106.158,mmasser6o,Pannier,0.3.7,InConsequatUt.ppt
10/7/1999,3:45 PM,53.146.45.44,nheelis6p,Cardguard,9.3.5,AugueAliquam.mp3
3/1/2004,8:52 PM,115.235.110.148,lhort6q,Domainer,0.2.9,QuamPharetra.xls
1/30/1983,2:00 AM,50.3.182.250,ggason6r,Overhold,0.96,RidiculusMusEtiam.pdf
1/24/2011,8:14 AM,202.184.30.79,nproudlock6s,Biodex,2.5.5,SemMauris.mpeg
10/25/2017,4:19 PM,77.223.120.23,hdanielovitch6t,Zoolab,4.1,AmetJusto.ppt
2/10/2012,8:40 AM,156.108.123.215,akynvin6u,Trippledex,2.03,Elementum.mp3
3/27/1996,8:34 PM,228.109.228.175,redmonds6v,Ventosanzap,6.6.1,PellentesqueQuisquePorta.ppt
3/12/2008,10:54 AM,231.189.175.155,bdone6w,Matsoft,3.7.6,VelitIdPretium.avi
3/13/2007,11:43 AM,254.81.52.142,lgauch6x,Voyatouch,0.21,NecDui.jpeg
3/21/1998,10:52 PM,93.32.241.48,rbranigan6y,Tin,0.15,UltriciesEu.avi
10/5/1997,7:16 AM,152.243.1.36,nlawlee6z,Pannier,0.5.9,EratEros.mp3
7/13/2011,12:23 PM,98.120.137.117,lboyles70,Stronghold,9.4,OrciLuctusEt.tiff
9/6/1993,3:07 PM,82.96.42.113,pfortesquieu71,Otcom,9.9,CumSociis.gif
9/28/2000,1:40 PM,132.236.173.241,rrate72,Bigtax,0.3.9,DiamCrasPellentesque.avi
11/3/1990,12:06 AM,115.37.176.55,nsharram73,Domainer,2.5,ElementumPellentesque.pdf
5/28/2003,5:03 PM,252.38.39.99,mcanning74,Namfix,0.66,Tortor.ppt
7/16/2016,12:50 PM,184.96.211.135,wfeeney75,It,2.7,CuraeMauris.mpeg
11/1/2001,3:04 PM,29.36.139.20,mkarpman76,Alpha,9.70,MagnisDisParturient.ppt
8/19/1984,9:17 AM,113.222.23.72,aspittall77,Cardify,5.01,Vivamus.txt
9/28/1986,8:15 AM,103.182.189.114,larmall78,Biodex,8.6,SemSedSagittis.mp3
9/9/2005,6:31 PM,190.146.184.28,selfleet79,Zamit,4.4.3,VestibulumSitAmet.mov
9/5/1985,7:00 AM,31.217.200.137,apickerin7a,Zathin,0.67,DapibusAtDiam.ppt
11/13/1988,5:04 PM,113.68.225.112,kfalkner7b,Stronghold,0.4.7,DiamIdOrnare.mpeg
1/22/2012,8:49 AM,30.204.239.30,pyeeles7c,Tampflex,0.47,OdioConsequat.png
1/18/1989,6:46 PM,192.249.219.45,wmckennan7d,Voltsillam,0.54,AnteVivamus.ppt
10/19/1995,12:00 PM,29.1.149.220,ftarbet7e,Cardguard,6.18,TempusSitAmet.jpeg
11/13/2002,6:39 AM,167.63.62.144,ncroce7f,Opela,0.7.1,AtLoremInteger.jpeg
1/21/1987,9:51 AM,169.191.118.92,mlowre7g,Biodex,0.21,MassaVolutpatConvallis.doc
1/10/1985,8:19 AM,162.175.214.59,wjoderli7h,Konklab,0.45,FusceCongue.pdf
5/25/1987,6:51 AM,124.78.231.248,skristufek7i,Duobam,7.0,NullaUltrices.mp3
2/22/2017,4:05 AM,192.153.65.177,miacabucci7j,Bigtax,8.3,ElitProinRisus.mp3
7/22/2017,8:00 AM,194.213.106.149,kmartensen7k,Span,9.94,Porttitor.avi
5/26/1999,7:10 AM,221.239.184.199,ibarwick7l,Domainer,4.7.1,Sed.avi
5/27/2005,9:22 PM,151.126.146.227,acrayker7m,Aerified,0.89,EgetCongueEget.pdf
1/19/1990,7:02 PM,98.211.225.151,abutteris7n,Stringtough,0.2.8,PotentiIn.xls
8/11/2007,2:34 PM,10.185.175.243,iingleton7o,Greenlam,1.47,Duis.tiff
8/1/1988,1:07 AM,46.159.135.146,emanford7p,Domainer,0.7.3,OrciPede.mov
7/1/2017,9:15 AM,44.6.40.151,hsingh7q,Wrapsafe,2.4.5,Tristique.ppt
11/29/1987,3:11 PM,124.164.45.253,jsoame7r,Rank,6.0,Habitasse.mp3
6/28/2012,11:07 PM,175.179.245.97,lrowswell7s,Zamit,5.6.9,UltricesPosuere.mp3
4/23/2015,1:40 AM,175.97.156.199,cleopard7t,Y-Solowarm,0.7.5,Elit.avi
9/1/1999,11:11 AM,25.217.38.109,pfigge7u,Andalax,8.1.6,LectusInQuam.avi
2/5/1995,9:27 PM,11.239.242.179,umarsham7v,Transcof,5.90,ErosSuspendisse.ppt
5/8/1996,6:17 AM,234.194.169.29,rpieters7w,Asoka,6.85,InImperdiet.ppt
6/18/1996,8:05 PM,221.237.168.61,ahanlin7x,Sonsing,2.7.4,VolutpatErat.tiff
9/30/2010,1:21 AM,21.194.29.71,cdelacoste7y,Fixflex,9.6.0,Hendrerit.ppt
11/2/2002,7:21 AM,130.243.89.150,bsaipy7z,Bytecard,3.28,PosuereFelis.xls
5/28/1990,5:19 PM,41.139.90.190,tnott80,Holdlamis,0.70,VestibulumVelitId.avi
5/27/2013,5:15 AM,104.120.81.175,wchriston81,Rank,4.2,TortorQuis.xls
1/5/2006,8:10 AM,227.185.7.126,kblaylock82,Regrant,0.2.8,RhoncusMaurisEnim.txt
9/27/1994,7:09 AM,132.161.72.93,tberrycloth83,Matsoft,3.0,Orci.avi
11/6/2008,8:38 AM,215.56.125.19,hmonk84,Solarbreeze,7.5.3,A.avi
10/3/2005,12:42 AM,254.21.158.195,dhurdis85,Stim,1.9,InLectusPellentesque.avi
2/28/1984,7:22 AM,112.151.148.26,csabattier86,Redhold,3.1,Nulla.avi
3/14/2005,3:38 AM,168.224.122.167,rarkcoll87,Duobam,9.88,Mauris.avi
4/22/2009,12:11 PM,199.114.110.42,lbenitti88,Daltfresh,4.4,Magnis.avi
7/16/2002,9:04 AM,187.94.187.25,ugemmell89,Redhold,2.7,Arcu.ppt
9/28/2010,12:03 AM,147.38.249.146,avant8a,Quo Lux,0.51,Integer.gif
4/5/2009,6:17 PM,218.243.170.97,jpickerin8b,Stringtough,7.14,TinciduntAnte.xls
8/19/1993,7:37 PM,170.154.175.255,jwillison8c,Veribet,0.48,Magnis.avi
12/13/2014,11:00 AM,144.100.227.27,wgilhool8d,Flexidy,6.3.8,EuMassa.gif
5/3/1993,12:26 AM,237.225.233.90,mblacksell8e,Ventosanzap,7.55,PedeJustoLacinia.avi
10/2/2007,8:58 PM,207.219.19.143,fsondland8f,Fixflex,6.6.4,ProinInterdum.pdf
7/13/2010,3:53 PM,62.23.101.179,kmacaughtrie8g,Fixflex,3.2.1,VelEstDonec.ppt
1/20/1999,2:32 AM,247.248.184.140,fferrettini8h,Overhold,0.2.0,Platea.mp3
9/19/2002,8:42 PM,215.158.26.185,epfeiffer8i,Matsoft,7.7,EuOrciMauris.xls
8/15/1994,11:51 PM,144.189.172.142,dstedall8j,Hatity,1.54,InImperdietEt.mp3
11/19/2014,8:24 PM,25.79.230.55,rbrass8k,Zaam-Dox,6.3.3,ConsequatNullaNisl.mov
9/23/2008,7:15 AM,235.124.91.39,ctolmie8l,Transcof,0.80,TortorDuis.mov
8/6/1987,6:26 PM,65.165.104.207,jaleshkov8m,Opela,5.4,Maecenas.png
10/7/1991,2:43 AM,76.95.44.30,dwitard8n,Alphazap,8.16,AmetConsectetuerAdipiscing.mov
12/16/1992,7:47 AM,25.40.228.102,ajurisch8o,Gembucket,0.86,Habitasse.doc
10/11/1986,5:51 AM,160.213.31.103,igennerich8p,Gembucket,1.55,ErosSuspendisse.pdf
8/1/2013,1:21 PM,33.86.45.58,cstarsmore8q,Regrant,0.3.2,MagnaAtNunc.xls
7/6/2013,7:32 AM,116.211.169.63,dgallimore8r,Fixflex,2.6.6,Urna.tiff
7/29/2005,12:47 PM,137.106.222.230,fdobbing8s,Overhold,1.0,QuamNecDui.ppt
9/19/2006,8:54 PM,77.43.167.171,cprice8t,Tampflex,7.7,LigulaPellentesque.avi
12/24/2007,6:44 PM,130.35.131.92,ssummons8u,Asoka,4.8.8,EleifendPede.avi
4/19/2012,9:16 AM,246.167.125.173,wbenedit8v,Sub-Ex,3.9.1,InFelisEu.xls
3/17/2006,7:19 AM,85.45.32.111,ojozsa8w,Zamit,5.6.4,EtUltrices.xls
4/24/1988,9:54 AM,11.86.26.39,vberrisford8x,Cardguard,0.16,LectusPellentesque.ppt
1/16/2008,1:47 PM,161.196.59.53,hmcdirmid8y,Prodder,2.3.4,Et.ppt
3/22/1988,10:43 PM,95.93.79.120,fkrauze8z,Zontrax,5.5,ConvallisEget.pdf
2/11/2009,6:04 AM,120.241.12.198,kredmore90,Job,5.9,NonummyInteger.ppt
5/13/1992,3:41 AM,7.131.238.129,mspittall91,Tempsoft,5.7.9,Molestie.ppt
11/15/2006,9:50 PM,104.100.227.156,dpegrum92,Vagram,7.1.6,Sem.mp3
3/11/2010,1:18 PM,162.109.98.205,jclere93,Y-Solowarm,5.9,TinciduntIn.jpeg
10/10/1984,5:50 AM,167.233.69.200,dcapaldo94,Ventosanzap,3.5.8,Nisl.ppt
3/5/2008,10:43 AM,147.93.52.92,malen95,Fintone,2.7,EuEstCongue.ppt
1/21/1989,8:59 AM,4.161.22.198,rcrotty96,Stringtough,0.59,PraesentIdMassa.mpeg
4/16/2001,2:24 PM,171.77.190.0,rsibray97,Temp,0.4.8,VelEstDonec.txt
3/19/2013,1:42 PM,232.222.165.242,dtsarovic98,Sub-Ex,7.9,Nonummy.gif
4/23/2012,7:27 AM,14.236.148.229,rridgway99,Keylex,0.6.0,JustoMorbi.avi
6/12/2016,1:15 PM,88.189.106.188,dcrease9a,Home Ing,0.30,ErosVestibulum.mp3
4/6/2013,7:31 AM,219.208.29.61,cnovakovic9b,Otcom,9.22,CrasInPurus.ppt
3/8/1990,6:03 PM,111.37.187.108,hgherardesci9c,Y-find,0.63,Lacinia.mp3
12/30/1997,12:25 AM,201.198.46.185,dmedd9d,Keylex,4.7,SuscipitAFeugiat.txt
5/27/2008,11:25 AM,183.165.229.183,zlouisot9e,Bamity,0.8.2,ConsequatMetus.png
12/22/1995,4:07 AM,135.17.187.159,emenichelli9f,Tempsoft,4.87,PraesentLectusVestibulum.ppt
4/5/2014,8:16 PM,49.78.41.63,rrobardley9g,Y-Solowarm,0.93,Consequat.doc
7/10/2004,8:25 AM,234.69.25.174,hwillows9h,Tempsoft,0.3.5,AtTurpis.pdf
4/24/1990,5:43 AM,42.13.148.18,slandells9i,Pannier,9.1,CondimentumId.ppt
8/6/1990,5:14 AM,175.74.204.111,vcarver9j,Hatity,0.6.2,LigulaInLacus.mov
9/18/2017,5:24 AM,55.251.13.105,kdowderswell9k,Stim,3.5.5,DapibusNulla.jpeg
9/23/2009,8:15 PM,208.172.149.208,cpudsey9l,Bamity,0.2.6,AliquamErat.mp3
8/21/2017,6:54 PM,55.215.224.112,asalmons9m,Redhold,1.2.0,SuscipitNullaElit.doc
6/17/2015,6:34 PM,161.234.185.70,halfonzo9n,Quo Lux,1.9,DiamVitaeQuam.avi
8/26/1999,12:42 PM,138.39.125.172,dtaks9o,Lotstring,9.03,AFeugiat.mp3
2/14/1989,7:33 PM,123.54.254.209,ileader9p,Bigtax,0.68,FacilisiCrasNon.avi
3/24/2016,3:48 PM,172.227.20.2,doliva9q,Viva,2.5,Nulla.mpeg
11/17/1999,4:59 AM,187.36.9.152,hbroadwell9r,Tres-Zap,0.4.2,Eros.mp3
7/4/1997,6:27 PM,229.196.165.88,cinger9s,Domainer,0.6.2,LoremIpsumDolor.mp3
10/24/1992,2:29 PM,168.0.242.69,vfolger9t,Bamity,4.6,Quis.tiff
7/1/2011,9:47 AM,30.227.249.69,klaffoleylane9u,Veribet,4.13,AeneanSitAmet.mp3
9/13/2000,12:24 AM,135.30.54.55,mnewberry9v,Treeflex,5.7,NuncRhoncusDui.tiff
9/22/1990,9:18 AM,154.11.106.60,psimao9w,Hatity,4.3.3,InLectus.ppt
11/9/2010,8:53 AM,188.4.144.151,bjervis9x,Treeflex,4.5,LobortisSapienSapien.mp3
7/12/1995,9:56 AM,137.102.135.120,swafer9y,Pannier,4.6.4,JustoSitAmet.doc
4/30/1999,6:02 AM,212.236.217.60,kdacosta9z,Y-Solowarm,6.0,VenenatisTurpis.tiff
9/26/2011,12:49 PM,130.24.226.170,cgoronia0,Latlux,3.3,TemporConvallis.xls
6/3/1986,2:03 AM,222.212.192.140,agrandisona1,Daltfresh,4.1.1,Phasellus.avi
9/5/1992,11:27 AM,177.138.79.255,dbattyea2,Flexidy,0.7.0,AccumsanFelisUt.mp3
10/23/1996,1:19 PM,114.249.142.4,cextona3,Sonsing,6.2.5,AtNibhIn.ppt
10/8/1982,3:11 PM,70.91.62.102,bdanneila4,Bigtax,7.17,SodalesScelerisque.mp3
4/26/2012,10:20 PM,113.21.94.94,ydaggera5,Gembucket,0.99,MaurisViverra.mp3
1/3/2007,5:11 AM,173.54.209.80,ifollinga6,Holdlamis,0.2.4,LuctusEtUltrices.avi
12/24/1999,10:49 PM,182.253.197.175,gludea7,Holdlamis,3.3.1,JustoSitAmet.mov
8/28/2004,10:50 PM,32.129.164.163,amedlara8,Keylex,0.80,Convallis.mp3
9/11/1987,8:19 AM,204.226.140.169,mbarliea9,Ventosanzap,0.29,NonummyInteger.mov
8/11/1986,1:34 PM,159.119.145.33,lciccoloiaa,Gembucket,8.6,Mauris.mpeg
8/20/2004,1:11 PM,240.89.178.194,drivallantab,Bytecard,4.4,DapibusNulla.mp3
10/4/1991,1:22 AM,163.107.114.26,ewhildeac,Voltsillam,0.46,Donec.ppt
12/25/1998,8:38 AM,162.46.100.17,rferrettinoad,Home Ing,0.18,EtTempus.mpeg
4/19/2012,3:13 AM,37.28.48.234,eleverageae,Home Ing,0.33,Mauris.mov
12/22/1994,9:07 PM,144.53.213.245,eyanneaf,Biodex,5.92,Sed.ppt
7/1/2005,12:32 AM,15.59.6.156,awaisag,Voyatouch,3.4,ElitSodalesScelerisque.tiff
9/29/1988,10:45 PM,145.213.40.15,rbiltah,Tresom,6.0.0,AcDiamCras.mov
5/18/1991,12:27 AM,213.173.83.231,rbythewayai,Bitchip,0.28,SedAugueAliquam.avi
7/31/1985,10:08 PM,173.40.72.213,tkingcoteaj,Keylex,0.9.8,Habitasse.avi
7/31/2006,5:57 PM,192.230.103.183,kweedenburgak,Biodex,0.4.9,Platea.xls
2/8/1986,1:35 PM,56.152.85.1,amugfordal,Konklab,6.43,RutrumAcLobortis.ppt
6/5/2003,12:38 AM,118.97.123.203,hstonardam,Stronghold,6.2.1,LaciniaSapien.gif
11/10/1987,7:51 AM,34.47.176.93,gphupratean,Flowdesk,8.6,QuisqueIdJusto.mp3
9/5/1982,2:12 AM,146.17.72.1,wbeersao,Prodder,0.31,PosuereCubiliaCurae.txt
4/18/2011,4:59 AM,70.199.50.198,dbrattenap,Ventosanzap,9.8,MiInPorttitor.doc
7/23/2003,8:26 PM,230.62.6.118,rhalmsaq,Hatity,5.9.3,ErosVestibulumAc.jpeg
6/1/2005,8:05 PM,42.64.244.203,srabbear,Tampflex,0.3.5,PraesentBlanditLacinia.ppt
8/15/1997,3:42 PM,149.158.95.150,dmckennaas,Vagram,0.40,MorbiVelLectus.avi
1/27/2016,10:34 PM,98.235.86.253,abarratat,Greenlam,9.6.1,InAnte.mov
5/22/1999,10:00 AM,155.236.3.226,mivamyau,Matsoft,0.5.1,Ut.tiff
2/8/2002,6:48 PM,224.175.236.1,gfarrowav,Subin,0.3.3,Vivamus.mp3
7/18/2013,5:12 AM,222.84.29.174,aarndtaw,Sonsing,0.2.4,UtTellus.avi
4/19/1997,4:51 PM,81.112.121.180,lromerax,Biodex,6.2.9,LigulaSitAmet.xls
7/14/1998,1:15 PM,82.25.40.185,ewillishireay,Tampflex,2.00,MorbiQuis.xls
3/17/2000,4:51 AM,254.214.193.185,kblincoaz,Otcom,8.6.2,Et.xls
8/20/1992,9:48 AM,253.27.204.203,dvickorsb0,Ventosanzap,2.6.2,IpsumPrimisIn.avi
9/17/1987,10:55 AM,252.205.242.1,arowntreeb1,Cookley,7.33,MagnaAc.xls
10/28/1984,1:00 AM,19.117.16.17,npenimanb2,Bamity,8.84,ViverraEgetCongue.gif
2/24/1988,5:25 AM,47.178.126.219,gbattesonb3,Domainer,6.0,OdioOdio.xls
11/19/2010,10:26 AM,192.209.88.57,lgaitoneb4,Hatity,0.34,EgetTinciduntEget.avi
5/11/2005,9:38 PM,225.158.116.20,llauksb5,Bitwolf,5.1,MaurisVulputate.mp3
6/25/1993,2:27 PM,118.34.180.65,dcrocettib6,Fix San,4.5.6,DapibusNullaSuscipit.png
12/31/2006,5:18 PM,123.251.137.135,cmoattb7,Wrapsafe,8.7,VulputateLuctusCum.pdf
2/18/2001,9:14 PM,28.24.252.206,mpawlickib8,Tempsoft,0.64,NullaNuncPurus.xls
8/28/2002,9:05 PM,19.176.116.5,haldridgeb9,Overhold,0.1.2,Sapien.mp3
5/8/1984,5:28 AM,55.90.181.73,cjeramsba,Tampflex,0.67,UtAtDolor.tiff
9/17/2016,10:28 AM,220.25.213.87,dattwoollbb,Subin,0.53,SitAmetConsectetuer.mov
7/23/1994,5:16 PM,87.60.79.70,bcolombbc,Flowdesk,0.85,ViverraEget.avi
11/17/1997,12:33 PM,165.142.60.10,bwrotchfordbd,Sonair,7.8,CurabiturAtIpsum.mp3
1/18/1986,1:23 PM,232.144.164.239,irodwellbe,Lotstring,5.6.6,NullaQuisqueArcu.mp3
10/30/2006,4:24 PM,44.198.219.178,mbrennansbf,Bigtax,0.83,DiamCrasPellentesque.avi
8/4/2010,11:04 AM,0.123.139.182,bmoysebg,Konklab,0.9.0,NequeAenean.ppt
3/10/2018,1:47 PM,96.196.38.168,rkerinbh,Lotstring,5.7,SitAmet.tiff
12/27/2013,12:51 AM,54.108.254.213,hchienebi,Viva,2.4,Cursus.tiff
3/2/2003,11:25 PM,204.111.18.152,kchapelhowbj,Treeflex,0.1.7,Ipsum.ppt
3/3/1985,6:22 PM,52.88.200.5,ckastelbk,Treeflex,4.1.3,Vehicula.xls
3/5/2003,4:00 AM,113.171.23.183,dcaruthbl,Konklux,9.6,Vestibulum.tiff
4/13/1993,4:34 PM,238.174.164.65,icullimorebm,Kanlam,0.63,Quisque.jpeg
9/9/2002,1:23 PM,174.37.175.147,sodriscollbn,Ventosanzap,8.8,QuisqueUtErat.png
8/18/2008,3:36 PM,21.180.149.55,cdendonbo,Pannier,0.2.3,Quam.txt
1/16/1998,8:57 AM,99.220.201.6,aguerrebp,Pannier,0.7.9,NamTristique.ppt
10/13/2015,6:54 PM,9.121.137.64,rdoylybq,Cardify,4.5.3,MontesNasceturRidiculus.mov
10/7/2001,11:04 AM,95.179.100.230,kantonazzibr,Regrant,1.8.7,FaucibusOrci.ppt
3/14/2002,2:37 PM,174.87.151.239,ydebankebs,Treeflex,4.02,Eros.avi
12/21/2011,2:02 PM,115.108.149.65,lfyfebt,Subin,9.6,PharetraMagna.gif
3/8/2006,1:17 PM,167.105.127.143,hskipseybu,Andalax,0.41,NisiAt.avi
3/14/1985,11:52 AM,242.240.82.223,mmcilraithbv,Regrant,1.37,TurpisEnimBlandit.png
8/4/1986,3:12 PM,73.8.111.173,dbromebw,Sonair,0.9.0,AugueLuctus.jpeg
3/10/2005,12:46 AM,89.125.179.109,jfourcadebx,Biodex,4.3.0,AcLeo.ppt
12/29/1992,8:45 AM,40.224.64.213,vblomefieldby,Flowdesk,7.0.9,UrnaPretiumNisl.jpeg
11/3/1990,1:20 AM,53.195.164.33,csparkbz,Toughjoyfax,0.3.6,AcNibhFusce.mp3
12/8/2002,12:39 PM,102.57.44.69,jbrusinc0,Job,3.93,RhoncusDui.ppt
7/6/1994,9:26 PM,29.43.222.155,tjoulec1,It,2.1.4,HabitassePlateaDictumst.xls
5/24/2005,11:22 PM,255.221.98.41,omccaughanc2,Zamit,0.8.3,NisiAt.avi
8/16/2011,6:03 AM,254.23.235.230,mflahivec3,Sonair,6.5,NibhInLectus.jpeg
9/12/2016,7:40 AM,246.3.156.115,kbeevorsc4,Lotlux,5.9.9,Dapibus.avi
9/4/1992,8:47 PM,142.129.157.194,rmckenziec5,Stringtough,5.8,NullamSit.mp3
12/28/1989,7:27 AM,243.164.228.87,qwridec6,Flowdesk,5.4,LoremIdLigula.avi
10/27/1987,6:24 PM,122.240.219.243,lklaasc7,Flexidy,8.5,Sit.mov
5/26/2010,5:45 PM,25.253.169.144,bletcherc8,Subin,2.4,QuamSuspendissePotenti.mpeg
9/7/1987,4:44 PM,112.63.99.103,kwinsleyc9,Fix San,9.1,MorbiQuis.mpeg
3/29/1988,5:30 AM,83.193.83.29,cdettmarca,Greenlam,5.0,NequeLiberoConvallis.avi
11/18/2001,8:29 AM,245.76.3.90,dlintallcb,Holdlamis,2.5.1,Lacus.mov
9/13/2008,9:07 AM,211.210.69.45,sfryerscc,Cookley,1.80,AcDiam.mp3
12/24/1994,10:34 PM,121.210.48.180,gsouthorncd,Andalax,3.1.1,MaecenasRhoncusAliquam.ppt
11/30/1996,11:33 PM,141.230.246.216,gmundence,Fix San,1.0,MagnaAt.jpeg
9/3/2007,4:10 PM,113.170.28.248,iplatfootcf,Lotstring,8.8,PraesentLectus.mpeg
6/10/1987,1:44 AM,173.82.218.71,tabatecg,Ronstring,0.6.0,AtVulputate.mov
6/23/2017,10:11 AM,98.78.81.240,mbernardotch,Cardguard,6.4.7,ElementumLigulaVehicula.doc
9/27/2006,5:07 PM,232.13.25.85,ldavidavidovicsci,Namfix,0.47,FacilisiCrasNon.avi
2/9/2003,4:02 AM,129.220.157.223,ikiljancj,Bamity,9.39,Quis.tiff
7/20/2003,2:41 PM,180.19.65.127,vtennisonck,Holdlamis,6.2.4,Sed.txt
2/24/1983,9:38 PM,100.62.2.33,egongcl,Viva,8.69,TurpisEnim.avi
3/12/2001,12:33 PM,0.219.43.249,mrillattcm,Tresom,0.9.5,SapienUtNunc.ppt
5/11/2005,11:28 PM,32.197.114.190,twrankmorecn,Aerified,0.7.0,Et.mp3
3/26/1985,7:14 PM,254.21.185.195,hstrotoneco,Pannier,1.8.7,LobortisLigula.xls
5/11/1992,11:39 PM,143.197.91.121,zquarrellcp,Ronstring,0.90,IntegerNonVelit.xls
3/6/2004,12:36 PM,79.250.89.64,bbugdellcq,Andalax,0.35,OrnareImperdiet.jpeg
6/6/2002,11:43 AM,3.114.62.180,poldfieldcherrycr,Cardify,0.1.3,Tempus.jpeg
4/21/1993,5:01 AM,83.53.108.199,madriaenscs,Alpha,3.7,NullamSit.pdf
4/14/2008,6:37 PM,216.52.105.252,mporchct,Stringtough,6.3,EgetTincidunt.ppt
8/16/2007,11:34 AM,16.218.229.106,rliccardicu,Stim,9.5,DolorSit.mp3
12/30/2001,10:13 PM,82.79.11.12,mboramcv,Voltsillam,0.87,DuisMattisEgestas.ppt
10/6/2007,7:21 PM,112.229.1.14,jseyerscw,Zoolab,0.20,TinciduntNullaMollis.avi
2/14/1992,6:02 PM,169.172.137.118,vsibbitcx,Konklux,5.96,Libero.xls
2/13/1993,1:04 AM,106.159.181.156,rkynastonecy,Y-Solowarm,2.8,UltricesPosuere.xls
7/11/2016,7:34 PM,144.45.173.184,amourgecz,Y-Solowarm,5.61,VestibulumQuamSapien.mp3
6/14/2008,2:25 AM,239.44.57.200,clapwoodd0,Asoka,6.5,RutrumRutrumNeque.png
4/23/2000,12:18 AM,234.177.82.203,lelgard1,Voltsillam,1.8,ALibero.xls
5/30/2004,4:24 PM,23.252.1.178,dbarouxd2,Alphazap,3.32,MiIn.ppt
1/11/1989,12:13 AM,29.188.2.194,koclearyd3,Vagram,6.7.4,InterdumVenenatis.avi
1/29/2007,8:48 PM,35.181.109.128,ffassumd4,Flexidy,2.4,MattisPulvinar.mp3
9/17/2007,3:58 PM,63.69.45.196,epontefractd5,Voltsillam,1.97,PedeMalesuada.mp3
9/22/1984,1:02 PM,233.15.207.51,mjaycoxd6,Vagram,0.7.0,In.avi
3/7/1991,8:13 PM,9.51.100.36,mdunphyd7,Zontrax,5.2.7,DuisAliquamConvallis.avi
3/12/1998,8:32 PM,119.106.140.247,pcohrsd8,Fintone,5.3.5,InLeoMaecenas.png
12/23/1997,4:22 PM,187.17.107.231,breadwoodd9,Otcom,7.5.1,QuamNec.mov
6/30/1990,3:56 PM,69.195.142.96,ngaffeyda,Greenlam,2.0.0,ConvallisEgetEleifend.xls
6/17/2003,1:49 PM,228.113.175.48,vserotskydb,Bigtax,0.56,PedeMalesuada.mp3
9/21/1995,3:27 PM,101.211.206.133,rhuisondc,Zathin,0.74,VivamusMetusArcu.gif
10/18/1998,6:17 AM,87.101.22.77,gdisleydd,Konklab,0.17,SedTristiqueIn.ppt
4/29/2001,12:55 PM,14.194.154.165,taldamde,Zontrax,3.8.6,CuraeMaurisViverra.xls
9/25/1999,11:36 AM,154.68.46.196,hvedyashkindf,Veribet,8.6.2,Volutpat.jpeg
2/4/2014,8:57 AM,247.3.107.52,qgodleedg,Kanlam,4.3.3,PedePosuere.xls
7/31/1999,8:22 AM,78.102.56.31,nsapsfordedh,Biodex,1.5,EratFermentumJusto.mpeg
11/3/2011,5:21 PM,100.153.144.205,fstathordi,Duobam,8.54,Faucibus.avi
7/5/1989,10:56 PM,157.176.6.128,dmingaulddj,Trippledex,4.3.7,Bibendum.mp3
1/24/2012,9:58 AM,161.79.108.140,bkenyondk,Home Ing,0.16,CubiliaCurae.mp3
12/28/1993,1:36 AM,2.142.111.92,earundeldl,Overhold,0.95,NecSem.ppt
10/26/1985,1:34 PM,239.234.166.157,lruppdm,Toughjoyfax,0.7.1,AcNibh.mp3
1/7/2015,10:06 PM,40.164.65.145,tblackallerdn,Keylex,3.16,Penatibus.mov
8/25/1982,2:26 AM,134.224.236.85,hallamdo,Konklab,4.92,Sapien.avi
12/2/1987,3:24 PM,96.217.24.251,chellsdondp,Matsoft,7.6,MiNullaAc.avi
5/17/1983,7:24 PM,118.13.83.39,npickwelldq,Bitwolf,2.6,MassaTempor.png
11/10/2008,4:20 PM,238.202.22.241,jchillistonedr,Rank,9.23,InFaucibus.mp3
6/20/1996,8:33 PM,253.241.253.21,ksabatinids,Trippledex,9.2,ViverraEget.mp3
1/29/2003,5:25 PM,21.150.231.142,aebertzdt,Flowdesk,5.0,UtDolorMorbi.mp3
7/17/2007,8:32 PM,104.61.103.63,tbaxstaredu,Viva,7.8.1,LuctusEtUltrices.txt
4/2/1984,10:19 AM,205.74.72.18,mvarfalameevdv,Opela,0.40,UtMauris.gif
1/5/1985,4:04 AM,168.106.152.254,wkobierzyckidw,Stringtough,6.1.5,AcTellusSemper.avi
11/26/2009,1:56 AM,145.71.191.140,lvanderbruggedx,Zaam-Dox,0.82,Semper.mov
1/17/1986,1:30 PM,112.64.74.183,cmaclennandy,Stringtough,1.07,InHac.txt
5/7/1983,9:29 AM,35.141.136.208,mdrabledz,Stim,3.34,Maecenas.xls
10/1/2005,8:57 PM,143.244.124.44,mblythine0,Bitchip,4.6.5,Sit.jpeg
5/10/2009,7:26 AM,129.192.65.148,mhammarberge1,Bamity,5.6,Mus.doc
2/2/2006,6:59 PM,139.161.90.7,cgrelike2,Treeflex,0.3.3,Nullam.xls
3/29/2014,6:59 AM,6.3.224.126,mturmele3,Gembucket,0.11,Morbi.mp3
1/11/1989,2:08 PM,127.150.214.168,aenderse4,Veribet,2.87,ProinLeoOdio.ppt
2/28/2000,12:43 AM,141.31.107.172,rduesberrye5,Domainer,0.2.7,PretiumNislUt.mov
4/23/1990,11:42 PM,228.15.223.49,casbreye6,Flexidy,0.1.2,Sit.ppt
9/18/1990,1:54 PM,176.126.16.2,gburboroughe7,Zathin,6.4.9,MaurisUllamcorperPurus.xls
4/13/1990,2:53 AM,130.191.127.236,dpese8,Stronghold,6.79,SedAccumsanFelis.avi
1/12/1987,2:48 AM,65.237.22.182,fblowese9,Treeflex,0.6.2,Eu.ppt
5/5/1989,4:20 PM,113.46.103.237,helderbrantea,Prodder,3.8.8,Nulla.ppt
3/23/1999,2:34 PM,124.170.160.167,ntroodeb,Viva,0.7.0,EtiamVel.jpeg
10/15/1991,9:25 PM,13.253.202.6,zchamberlinec,Lotlux,0.7.6,BlanditNon.jpeg
8/25/1986,12:17 AM,117.129.151.3,kskurrayed,Matsoft,1.7,LectusPellentesqueAt.ppt
3/2/2010,6:01 PM,110.177.215.163,proomeee,Vagram,1.48,TinciduntAnteVel.ppt
8/11/2011,8:03 PM,39.218.114.160,vbruntonef,Lotlux,8.7,Sit.txt
5/16/1985,3:27 PM,173.141.220.203,lsoroeg,Zontrax,6.2.8,Integer.mp3
3/1/1983,3:36 PM,168.200.230.5,vtuckieeh,Latlux,0.6.4,Luctus.mp3
9/17/2014,1:44 PM,183.122.81.131,aharvardei,Konklab,0.59,CrasMiPede.ppt
7/20/2003,9:24 PM,143.8.110.140,bdanterej,Treeflex,4.7,Tellus.mp3
8/4/1988,5:16 PM,228.2.41.231,ogeorgiusek,Y-find,0.32,ConsequatUt.mp3
2/27/1983,8:24 AM,110.215.153.68,reckel,Opela,1.0,IaculisCongue.doc
5/14/2000,8:04 PM,177.111.78.224,sslemmingem,Daltfresh,0.6.7,NislAenean.avi
7/25/2009,10:36 PM,106.77.135.197,gmottonen,Zaam-Dox,3.1,Morbi.mp3
2/17/2018,8:21 PM,94.161.150.107,howensoneo,Sonsing,0.3.6,Est.ppt
1/30/2013,4:04 AM,15.8.102.237,rwickieep,Bytecard,3.51,Vestibulum.jpeg
2/22/1996,3:39 AM,94.221.105.91,eorodaneeq,Stim,0.9.8,GravidaSem.jpeg
1/20/1998,9:45 PM,198.55.78.255,sswinerder,Temp,4.4,SemperRutrum.xls
10/18/2008,12:36 PM,69.148.150.79,rcrannes,Gembucket,2.17,Turpis.xls
2/25/2008,9:34 PM,133.54.93.179,estoaket,Zaam-Dox,0.1.0,BlanditUltrices.tiff
12/3/2008,10:56 PM,232.74.0.13,acesariceu,Daltfresh,6.3.3,MusVivamus.xls
1/11/1998,12:04 AM,112.255.43.167,cmatusovev,Otcom,0.29,Nulla.xls
5/20/1986,12:33 PM,60.231.41.168,plarbyew,Stronghold,5.1,QuisLectus.xls
8/14/1996,12:28 AM,151.137.212.120,echattoex,Ventosanzap,0.92,IntegerTincidunt.doc
6/7/2001,6:11 AM,203.253.30.249,wmedmoreey,Pannier,0.8.7,AugueLuctusTincidunt.mp3
12/1/1986,12:57 AM,109.239.191.4,rcoulthurstez,Quo Lux,0.12,SapienQuis.txt
8/5/2003,9:44 AM,146.118.54.96,doutrightf0,Mat Lam Tam,1.8.8,PellentesqueUltricesMattis.pdf
12/19/1984,10:43 AM,44.211.181.148,dfaderf1,Zoolab,0.24,UtAtDolor.avi
11/19/1983,11:49 PM,74.104.119.152,hgerokf2,Ventosanzap,5.6,PenatibusEtMagnis.png
7/3/1988,8:46 PM,34.232.151.238,edeverillef3,Stronghold,8.29,SapienCursusVestibulum.avi
9/14/1995,8:32 PM,173.215.3.39,rgleedf4,Voltsillam,5.3,EtErosVestibulum.mp3
8/17/1999,8:28 AM,62.38.168.42,kaxtellf5,Y-Solowarm,0.8.7,Mattis.xls
6/28/1989,2:45 AM,136.225.0.153,akubicekf6,Namfix,8.1,Eget.tiff
12/21/1997,7:28 PM,158.234.241.62,sjeanneauf7,Bitchip,0.70,AmetDiam.ppt
8/26/1982,12:28 PM,235.135.235.235,lmacnameef8,Tin,2.78,LacusCurabitur.avi
1/20/1988,3:04 PM,138.19.59.98,bflawnf9,Holdlamis,5.96,NuncDonecQuis.gif
12/3/1991,8:32 AM,170.146.159.140,babramskifa,Prodder,6.5.0,SodalesScelerisque.avi
9/18/2007,7:00 PM,212.11.169.233,qmulcockfb,Aerified,4.6,Etiam.doc
12/9/1982,4:36 PM,3.61.37.218,lwiddallfc,Vagram,5.07,AtDolor.avi
7/19/2010,11:16 PM,242.13.41.246,eantognettifd,Daltfresh,8.7,Accumsan.txt
5/25/1989,2:43 AM,46.201.129.185,claidlowfe,Otcom,0.57,JustoLaciniaEget.avi
10/6/1989,5:33 PM,168.208.95.166,cgiacopeloff,Veribet,7.5,MagnaVulputateLuctus.tiff
12/23/2014,8:36 PM,140.100.53.204,wmatisfg,Viva,8.6.2,SapienNon.txt
6/14/2012,3:45 PM,41.22.133.236,blyesfh,Redhold,8.3,VenenatisTurpisEnim.ppt
11/20/1991,7:06 AM,160.204.197.194,sliliefi,Greenlam,3.6,PosuereCubiliaCurae.mp3
3/26/1986,4:14 AM,140.199.118.138,cnunneryfj,Holdlamis,0.6.4,VestibulumSagittis.txt
6/12/1987,10:54 AM,172.210.15.143,mspargofk,Flowdesk,0.45,EtiamFaucibus.txt
8/10/2013,5:06 PM,52.16.14.58,lmoulandfl,Veribet,0.38,Semper.mpeg
8/15/2012,12:12 AM,9.236.122.50,dsnazlefm,Mat Lam Tam,0.95,Mauris.gif
3/15/1984,7:05 AM,27.127.242.107,phasemanfn,Sonsing,5.7.3,EnimSitAmet.mp3
1/24/2009,2:41 PM,116.201.191.168,eeaggerfo,Keylex,0.6.2,AugueVel.ppt
11/4/2016,3:26 AM,168.209.232.68,bdibbefp,Matsoft,2.7,Placerat.avi
1/17/2016,4:42 PM,236.172.116.45,eivashkovfq,Zathin,2.5,NullaTempus.mov
3/27/1996,8:50 AM,157.81.35.157,ymacconnellfr,Greenlam,2.6.7,Lacinia.tiff
7/10/1988,6:14 PM,154.159.88.78,cbrewettfs,Treeflex,1.51,Congue.mov
4/6/1986,8:21 PM,175.8.197.64,dpepineauxft,Tresom,0.29,Tincidunt.jpeg
5/27/1996,1:54 AM,4.241.192.115,gsepeyfu,It,0.17,FermentumDonec.tiff
8/21/2015,10:40 PM,155.45.139.205,lnewlinfv,Opela,5.6,PosuereCubilia.doc
1/10/1994,6:59 AM,150.60.177.210,cwoodgerfw,Overhold,6.7.9,SedMagna.xls
7/29/2014,7:39 AM,98.211.143.35,canthillfx,Bitchip,8.2.9,Cubilia.avi
6/14/1995,9:12 AM,150.186.67.134,llengthornfy,Trippledex,0.2.0,CongueEget.png
2/12/1994,5:50 AM,178.14.42.57,fcottamfz,Gembucket,0.95,LigulaPellentesque.mp3
10/3/2016,9:37 PM,238.66.191.194,mbigging0,Span,5.5,ConsequatMetusSapien.xls
1/4/2000,12:31 AM,23.35.116.160,cmoneyg1,Sub-Ex,5.7.7,ElitProin.ppt
2/14/2013,1:19 AM,140.163.229.153,hkinleysideg2,Bigtax,0.4.9,Eu.xls
10/26/2017,8:54 PM,23.163.88.94,tselwyng3,Andalax,0.69,Nulla.jpeg
2/13/1989,6:04 PM,54.205.90.98,aelietg4,Subin,7.3.1,TinciduntEget.doc
4/4/1988,10:36 PM,77.48.228.193,emartg5,Ventosanzap,8.3,OdioOdioElementum.ppt
10/5/1998,3:05 AM,203.3.120.11,twiburng6,Andalax,0.98,Sit.avi
1/25/2009,2:41 AM,189.1.162.93,jtayloeg7,Ronstring,0.9.1,VitaeQuamSuspendisse.avi
12/29/2008,4:24 PM,125.118.122.134,hbeaconsallg8,Viva,8.1.3,Est.xls
2/9/1993,4:15 PM,135.63.233.21,awallbanksg9,Home Ing,0.10,QuisAugueLuctus.avi
10/25/2001,8:39 PM,226.232.198.238,aeschga,Keylex,0.42,MattisPulvinarNulla.xls
1/21/2015,9:54 PM,158.70.223.157,bcommuccigb,Ronstring,7.9.2,Potenti.avi
7/18/2010,1:38 AM,167.188.78.94,wludlemgc,Fixflex,8.8,Congue.xls
11/4/1985,11:35 AM,127.207.63.29,mpawelsgd,Solarbreeze,0.7.1,ImperdietNullamOrci.gif
5/21/1983,11:32 PM,242.214.159.134,cansteysge,Fixflex,1.4,CrasInPurus.avi
10/27/1994,10:52 AM,159.180.206.175,bleadstongf,Redhold,0.9.8,IdTurpis.avi
10/11/1987,5:18 AM,149.51.181.40,dkilmistergg,Zathin,7.8,MaurisLacinia.tiff
7/18/1988,9:48 PM,35.7.247.11,ailtchevgh,Andalax,4.0,Consequat.tiff
11/19/1989,3:08 PM,118.67.80.234,mredsallgi,Viva,3.6,Dapibus.jpeg
10/8/1983,6:36 PM,83.18.20.69,gdampneygj,Konklab,9.4.8,Ipsum.gif
11/23/2015,5:11 PM,187.6.203.199,rgregoriogk,Stronghold,0.7.3,MattisEgestas.doc
1/5/1994,7:25 PM,51.102.158.137,jarunowiczgl,Overhold,0.2.8,MiIn.ppt
2/20/2010,9:27 PM,228.198.228.89,lhawtingm,Y-find,0.4.2,MaurisViverra.jpeg
3/6/2005,8:11 PM,137.132.92.97,pbushawaygn,Stim,0.4.9,Pellentesque.doc
1/16/2014,11:00 AM,22.127.66.242,fchoatgo,Gembucket,0.18,AliquamLacusMorbi.ppt
12/7/1988,3:38 AM,191.123.225.210,kcatogp,Biodex,0.5.7,HabitassePlateaDictumst.avi
6/26/1988,4:13 AM,163.49.171.243,sfenkelgq,Ronstring,2.6.2,SedAnte.txt
1/29/2001,7:37 PM,67.236.76.234,dpreedygr,Cookley,9.6,SagittisSapienCum.ppt
4/12/2001,9:03 AM,152.9.136.123,bskittlesgs,Aerified,6.9.4,EstPhasellus.tiff
3/25/1997,11:54 AM,110.53.129.52,lsantorinigt,Domainer,2.1.0,UtUltrices.xls
5/10/1991,9:45 PM,201.224.203.73,mgilhouleygu,Y-Solowarm,8.5,Nascetur.ppt
2/10/1998,10:36 AM,232.193.166.149,rscammellgv,Wrapsafe,4.5,PraesentLectus.ppt
2/13/2012,8:28 PM,197.225.49.210,bhabbeshawgw,Span,7.99,NullaAcEnim.xls
11/30/1984,11:55 PM,158.155.180.203,cgladmangx,Span,0.3.2,TinciduntNulla.mp3
1/7/2014,8:22 AM,20.233.134.9,treegy,Aerified,2.18,Sem.avi
6/4/1986,3:18 PM,198.206.191.12,tvaudreygz,Matsoft,2.77,Vel.ppt
5/28/1992,2:04 PM,212.111.115.38,lrayneh0,Zontrax,6.94,AcNeque.ppt
11/11/2010,3:26 PM,95.109.38.86,dloughanh1,Fix San,3.5,Donec.txt
1/24/2015,1:17 AM,60.96.229.48,vattoch2,Matsoft,8.7.9,LectusPellentesqueEget.ppt
5/6/1983,3:08 PM,236.109.121.136,ehillockh3,Namfix,7.5.2,PlateaDictumstAliquam.mp3
9/1/2016,2:12 PM,214.160.223.120,dlacrouxh4,Konklab,7.5,Ut.tiff
5/24/2013,5:06 AM,51.194.121.51,gcrosfieldh5,Bigtax,1.5,InAnte.tiff
5/4/2013,5:40 PM,163.116.73.236,dgirthh6,Overhold,0.14,Dui.gif
4/13/2007,11:56 AM,119.162.246.217,beslandh7,Konklab,0.6.7,Orci.pdf
11/18/2003,8:28 PM,199.6.181.16,gdarnodyh8,Job,0.67,MagnaAt.mov
4/7/1991,12:39 PM,188.38.226.84,kguilletonh9,Duobam,0.82,PenatibusEtMagnis.avi
2/6/1987,11:06 PM,188.54.65.35,wdavidmanha,Cardify,4.5,QuamTurpis.mov
1/30/1995,4:30 PM,110.151.146.56,mmorahb,Rank,0.6.0,Odio.tiff
12/9/1991,2:44 PM,173.98.67.226,scarbinehc,Treeflex,4.4.5,Ipsum.gif
5/31/1983,2:41 PM,95.66.8.60,swestmarlandhd,Ronstring,9.3.9,Eros.ppt
11/16/2012,12:07 PM,10.32.171.244,hhargeriehe,Quo Lux,9.9,UrnaPretiumNisl.mov
3/5/2018,9:37 AM,235.28.49.228,ggallawayhf,Opela,0.58,ViverraEget.xls
5/27/1998,8:47 PM,169.228.240.95,pscawnhg,Rank,0.2.6,NequeSapienPlacerat.mp3
11/5/2009,7:43 PM,92.95.22.15,hmaudlenhh,Zontrax,0.58,PellentesqueUltricesMattis.xls
11/17/1984,10:33 AM,166.130.216.166,vsterlinghi,Alphazap,0.8.3,Enim.ppt
12/8/2011,8:20 AM,184.46.225.54,dpottingerhj,Cardguard,1.63,Amet.gif
9/14/1995,2:50 PM,42.243.229.10,teickehk,Flowdesk,0.3.4,VolutpatSapienArcu.avi
11/22/1990,1:37 AM,153.12.229.243,mkayzerhl,Bytecard,0.8.4,SodalesSedTincidunt.mpeg
6/18/2016,1:53 PM,173.179.220.243,ygruczkahm,Greenlam,0.4.3,ProinAt.ppt
9/8/2011,12:10 PM,242.14.219.189,rhaestierhn,Zaam-Dox,0.39,MagnaVulputateLuctus.mp3
10/20/1984,9:32 AM,174.115.135.222,daxfordho,Voyatouch,0.4.1,Curae.ppt
4/8/2016,8:05 PM,80.89.123.127,rmiddellhp,Greenlam,8.77,NamTristique.mp3
3/9/2002,5:29 PM,112.100.248.140,ssydehq,Tempsoft,5.4.9,Feugiat.tiff
9/9/2004,12:27 AM,38.78.20.158,tpouletthr,Flexidy,3.6.4,EuNibh.ppt
5/23/2015,2:38 PM,247.153.2.196,glougheadhs,Regrant,9.1,Lectus.avi
6/13/1995,3:32 AM,185.112.133.34,demmanueliht,Gembucket,0.6.5,Eget.mp3
10/30/2017,11:59 AM,207.254.45.46,abuddockhu,Bigtax,3.7,LectusVestibulumQuam.mp3
7/18/1993,11:10 PM,49.233.11.251,jcoonhv,Konklux,8.7.7,Vel.mpeg
5/18/2011,5:14 AM,184.195.178.137,sgrinyerhw,Asoka,3.8,NonMi.tiff
5/7/2017,3:44 AM,142.138.220.95,flarretthx,Bitwolf,2.5,Purus.tiff
12/27/2006,11:48 AM,195.42.173.217,cohenehanhy,Fintone,0.5.1,DuiNecNisi.avi
9/28/1983,8:31 AM,54.220.55.48,tusherhz,Flowdesk,3.1.4,In.xls
1/12/2000,2:52 AM,227.26.108.141,hellsomi0,Tampflex,5.0.1,NullaTempus.png
11/14/2004,6:42 AM,126.8.15.248,lharbini1,Zathin,0.6.5,TempusVelPede.jpeg
10/21/1994,11:01 AM,232.69.210.28,mluthwoodi2,Latlux,0.4.8,MorbiSem.avi
6/3/1996,8:44 AM,44.62.209.121,byarralli3,Stronghold,0.3.0,Nec.ppt
2/10/2003,9:31 AM,83.48.187.248,rkirwoodi4,Tres-Zap,9.73,RidiculusMus.xls
1/13/2016,3:49 PM,159.224.23.191,cscottingi5,Konklux,4.32,Etiam.mpeg
3/3/1996,10:42 AM,153.246.121.231,cdowningi6,Transcof,7.27,DonecSemper.ppt
2/26/1995,11:02 PM,45.201.101.105,nwhybrowi7,Tempsoft,0.53,TemporTurpisNec.avi
9/14/2015,5:15 AM,131.67.150.61,jnovilli8,Home Ing,0.77,NecCondimentum.mp3
4/4/2009,6:52 PM,4.235.119.164,vhickeni9,Bitchip,0.7.6,Non.mpeg
11/13/2005,7:59 AM,68.249.89.192,fpoolmania,Regrant,0.4.8,IpsumAliquam.txt
12/18/1983,11:48 AM,45.42.194.242,dheislerib,Job,5.2,RutrumAc.mpeg
3/16/2007,9:56 PM,106.53.141.186,abiddlesic,Asoka,0.8.4,MaecenasTinciduntLacus.tiff
11/23/2015,7:37 PM,163.183.12.30,rannesleyid,Sonair,9.9.1,Proin.xls
1/16/2009,4:15 PM,173.80.142.150,makamie,Zaam-Dox,8.99,DictumstMorbi.mp3
9/29/2001,4:56 PM,69.252.62.52,pmulvyif,Daltfresh,0.6.5,TinciduntAnte.ppt
12/14/2013,2:01 AM,199.58.209.180,tcashleyig,Zamit,4.2.8,IpsumAcTellus.xls
7/4/1983,4:28 AM,103.27.194.35,rfishlockih,Cookley,3.4,Ante.mp3
9/7/2000,1:08 PM,131.250.63.192,oedelerii,Namfix,3.8.7,NuncDonec.mov
5/3/2004,12:21 AM,171.176.67.30,maikenij,It,5.5.8,CongueElementumIn.mpeg
12/16/1986,5:14 AM,61.65.87.92,jsonik,Konklab,6.6,Ut.xls
3/17/2000,2:10 AM,115.121.64.226,cscapelhornil,Voyatouch,9.5,PedeMalesuada.ppt
12/14/1982,4:20 AM,153.124.40.240,ghardyim,Bitchip,0.66,SapienIn.xls
2/6/1984,8:52 AM,151.205.80.45,vdonativoin,Tempsoft,8.9.2,PedeLibero.xls
6/10/2011,2:27 AM,50.131.163.174,tocorhaneio,Tin,4.24,EtiamPretium.gif
12/7/2000,3:55 PM,27.101.89.143,aweekleyip,Rank,1.4.3,Ultrices.tiff
8/18/2012,8:17 PM,51.114.34.146,rjeaffresoniq,Alphazap,1.7.2,Eleifend.avi
2/13/2015,3:38 PM,111.106.100.127,gnewdickir,Job,9.7,DapibusDuisAt.mp3
7/20/1990,8:56 AM,88.197.56.74,ckleinplacis,Span,4.1,FaucibusAccumsanOdio.png
6/13/1990,7:38 AM,151.167.97.19,glamsheadit,Sonair,0.58,AugueQuam.mp3
10/27/1994,7:36 AM,114.126.26.32,tduplockiu,Otcom,2.81,DuisFaucibusAccumsan.mp3
1/15/2003,2:23 AM,122.136.158.3,wclueriv,Y-Solowarm,0.2.9,DuisAcNibh.doc
7/16/1983,12:33 AM,74.208.48.156,rllewellyiw,Y-Solowarm,0.59,LiberoUtMassa.xls
6/11/1998,12:47 AM,180.112.244.113,apitkaithlyix,Temp,0.77,TortorDuisMattis.txt
9/6/2016,4:30 AM,180.190.14.218,cskillingsiy,Pannier,0.62,Mauris.avi
7/12/1992,3:10 PM,78.27.211.158,jjandliz,Latlux,0.31,Purus.ppt
5/24/2005,12:39 PM,239.71.23.222,tchingj0,It,6.90,SemperPorta.xls
3/10/2008,5:14 AM,152.100.16.170,rhodgenj1,Lotstring,2.7.4,InCongue.txt
5/17/1983,1:30 PM,96.125.42.52,mbarrarj2,Bitwolf,7.3,SemperSapien.avi
3/18/1984,1:59 AM,63.151.245.122,fdupeyj3,Stronghold,0.22,Ultrices.mp3
1/10/1993,11:58 PM,129.25.223.253,hgoatmanj4,Daltfresh,0.54,VitaeConsectetuer.mp3
6/25/2012,7:22 AM,111.186.16.122,spretleyj5,Prodder,2.8.4,Nam.pdf
4/26/2000,8:55 PM,73.56.196.245,sgaganj6,Mat Lam Tam,3.4,DolorQuisOdio.mp3
6/26/1994,9:03 AM,163.122.109.128,mhebbronj7,Biodex,0.8.0,Vivamus.avi
9/13/1999,12:15 AM,209.238.113.231,abenettinij8,Daltfresh,0.3.3,TurpisAdipiscing.jpeg
4/23/1988,1:20 AM,159.131.199.136,mwalasj9,Zaam-Dox,9.3.4,NullaPede.avi
5/23/1984,6:51 PM,14.224.64.68,redwinsonja,Wrapsafe,7.5,Id.jpeg
4/28/2005,12:52 AM,213.106.69.103,amitchelsonjb,Regrant,0.3.4,Tellus.ppt
3/12/2011,2:30 AM,14.101.209.244,chungerfordjc,Toughjoyfax,0.44,MaecenasTincidunt.avi
12/4/1990,10:18 AM,116.196.248.137,fandrellijd,Sonsing,3.9,Laoreet.xls
11/11/1989,2:46 AM,139.248.158.153,bwalbrookje,Pannier,9.6.3,UtEratId.mp3
9/15/2008,8:12 AM,41.145.167.182,sscoginjf,Vagram,0.7.0,UtBlandit.tiff
3/19/2005,4:44 PM,76.4.45.199,cmccomejg,Prodder,0.7.8,TempusSemperEst.png
11/6/2015,6:15 PM,238.161.11.124,anecoldsjh,Alpha,6.3.9,PlateaDictumstMaecenas.doc
11/8/1993,11:01 AM,116.122.142.208,rogavinji,Y-Solowarm,2.0.3,EnimBlanditMi.tiff
12/31/1982,12:59 PM,46.155.153.113,dboynejj,Namfix,2.8.7,EleifendLuctusUltricies.png
9/4/1987,9:13 PM,140.47.250.117,gbreedsjk,Trippledex,4.1.6,Odio.xls
6/30/1983,12:34 PM,209.249.80.108,emacraejl,Sonsing,8.10,FermentumDonecUt.ppt
7/14/1995,8:04 AM,22.179.244.99,mtutejm,Bamity,5.4,OrciLuctusEt.xls
8/17/2010,10:27 PM,144.172.73.208,bwillarsjn,Kanlam,6.59,Tortor.gif
8/1/2006,10:42 PM,176.98.65.185,dguinnessjo,Bytecard,9.7,IdConsequatIn.xls
10/9/2007,8:12 PM,231.63.140.163,ddarelljp,Trippledex,0.77,Odio.mp3
10/13/1985,9:48 AM,185.163.77.55,obuttsjq,Sub-Ex,0.34,FeugiatEt.jpeg
8/16/1995,10:15 AM,174.139.231.184,akerleyjr,Overhold,2.60,SapienNonMi.xls
8/23/2003,10:53 AM,244.47.93.139,bdriversjs,Alphazap,0.9.7,FelisDonecSemper.ppt
2/1/1992,7:16 AM,100.158.195.186,ngrimmejt,Domainer,1.1.1,Duis.avi
8/25/1997,11:13 AM,199.110.92.201,acoullingju,Greenlam,2.37,TortorIdNulla.mp3
5/4/2011,5:19 PM,10.209.61.51,rbellefontejv,Voltsillam,6.27,Proin.mpeg
11/7/1988,6:01 PM,10.191.141.98,gitzikjw,Opela,0.1.9,MagnaVestibulum.txt
7/28/1996,3:31 PM,28.129.120.32,slefrankjx,Domainer,7.91,PurusPhasellusIn.mpeg
6/11/1990,4:55 AM,131.171.137.154,cgrosejy,Tres-Zap,5.1.0,Ultrices.xls
8/8/1999,11:43 AM,33.176.216.101,dcrichleyjz,Lotstring,1.9,AccumsanTortor.mp3
10/7/1990,6:14 PM,235.170.37.248,psolomonk0,Konklux,0.4.8,NislAeneanLectus.mp3
7/26/1984,2:20 AM,200.216.107.119,lheliark1,Tresom,0.98,ElitProin.mp3
1/30/2003,9:11 PM,254.118.44.36,sboothebiek2,Konklux,2.99,PellentesqueQuisque.avi
8/20/1988,12:40 PM,105.176.124.252,smallordk3,Bitwolf,5.4.2,FaucibusOrci.xls
8/25/2003,5:54 AM,128.255.64.151,jharesk4,Zaam-Dox,8.4,EratId.ppt
7/1/2015,3:54 AM,100.209.215.76,dwornumk5,Holdlamis,4.3,Ut.xls
4/24/2003,5:10 AM,2.54.220.192,tgaskenk6,Pannier,0.7.8,ElementumLigulaVehicula.ppt
6/3/1993,11:55 PM,245.252.128.152,ggoringk7,Mat Lam Tam,7.32,CubiliaCurae.mp3
12/15/1991,3:07 AM,157.32.46.197,rlyardk8,Holdlamis,3.31,Odio.mov
10/8/2005,3:56 AM,192.173.47.114,nkittmank9,Otcom,0.61,Adipiscing.avi
5/4/2016,4:51 PM,77.138.137.148,koglevieka,Trippledex,0.3.0,Nulla.xls
7/6/2014,5:47 PM,119.168.66.103,jearengeykb,Tresom,9.94,SitAmet.gif
1/21/1998,12:07 AM,245.194.38.173,blanghornekc,Prodder,0.51,InTempor.mp3
11/27/1994,7:41 AM,119.246.210.239,jisaksenkd,Duobam,2.54,LuctusNec.ppt
6/3/2002,7:36 PM,67.86.160.171,jrussanke,Konklab,5.3.7,IntegerAliquet.doc
4/20/1999,12:33 PM,222.200.52.218,mflegkf,Job,6.3,Et.avi
2/18/1995,5:11 AM,21.251.201.44,ckibblekg,Tampflex,0.4.7,EleifendPedeLibero.txt
12/1/2002,2:34 AM,126.115.93.181,wgonkh,Vagram,2.3.8,UtErat.png
12/12/1997,11:27 PM,107.95.255.115,wmenichelliki,Konklux,0.97,DuiMaecenasTristique.mpeg
11/6/2013,1:52 PM,39.71.223.44,tlawrencekj,Ventosanzap,9.66,Luctus.txt
9/23/1999,2:42 AM,88.50.88.111,tschoolcroftkk,Overhold,0.73,RisusAuctorSed.doc
9/1/1989,11:16 PM,201.78.99.211,bmcgaffeykl,Cookley,5.9.0,Ullamcorper.mp3
10/1/1984,8:51 AM,84.194.51.110,rdavitashvilikm,Otcom,6.8,Convallis.tiff
3/12/1991,1:29 AM,25.248.145.234,ftisonkn,Domainer,5.1,Congue.ppt
9/20/2015,3:22 AM,116.132.255.4,lfurmagierko,Zaam-Dox,4.29,Sed.xls
2/23/1987,1:05 AM,53.18.239.128,vdimeloekp,Cardify,5.7.8,Orci.xls
9/14/2001,7:31 PM,253.127.239.159,mtremoliereskq,Sonair,7.8.7,ConsequatNullaNisl.pdf
5/7/1999,7:39 PM,104.12.91.55,shinnerkkr,Stronghold,0.1.2,LaciniaEgetTincidunt.mp3
4/10/2017,1:47 AM,106.144.109.56,ymacgownks,Vagram,0.29,CongueVivamusMetus.xls
6/4/2005,8:44 PM,21.53.14.68,wdoumickt,Opela,7.89,VitaeConsectetuer.tiff
5/14/1984,8:42 AM,186.221.127.10,fgerholdku,Y-find,0.4.1,VenenatisTristique.ppt
2/3/2015,12:35 AM,116.205.180.69,llinnardkv,Opela,0.9.7,IntegerAc.xls
5/15/2002,3:31 PM,94.147.147.68,cpaulillokw,Flowdesk,0.16,ConsequatUt.jpeg
6/6/2003,1:17 AM,79.122.44.99,fbrauneskx,It,0.99,Vulputate.tiff
6/8/2017,1:24 PM,15.82.227.131,astrippky,Lotstring,0.13,FaucibusOrciLuctus.avi
7/3/1993,4:52 AM,22.180.148.63,bsalvadorekz,Flowdesk,0.2.1,MolestieSed.doc
10/7/1986,2:18 AM,212.110.154.180,gmillhousel0,Opela,0.6.2,BlanditMiIn.avi
3/25/1999,10:40 AM,248.182.130.128,msheahanl1,Prodder,0.37,ConsequatDuiNec.avi
11/13/1997,11:08 PM,175.206.71.222,dnanninil2,Latlux,0.73,PellentesqueAtNulla.avi
1/23/1992,4:25 PM,226.212.242.58,rbarocl3,Namfix,1.4.8,ParturientMontes.ppt
12/30/1997,6:24 AM,99.93.44.79,fhuddyl4,Transcof,0.24,BlanditNon.jpeg
12/10/2002,7:09 PM,219.250.198.162,cmouldingl5,Tampflex,6.03,Iaculis.xls
11/23/2009,10:36 AM,129.31.82.137,rgrigoryevl6,Tresom,9.57,NullamVarius.xls
8/1/1991,5:40 AM,19.6.199.8,rkiehnel7,Stronghold,7.2.5,EratVestibulum.avi
9/13/1996,12:47 AM,66.102.186.229,lcisarl8,Hatity,6.79,VehiculaConsequat.ppt
9/4/2014,8:42 PM,180.204.122.183,wsallel9,Sonsing,5.0,Quisque.tiff
9/16/1996,12:05 PM,16.6.188.139,ashervillela,Zaam-Dox,0.88,LoremId.tiff
3/8/2012,12:29 AM,252.128.150.243,rdagostinilb,Matsoft,1.76,Quam.xls
11/19/1996,9:25 AM,239.40.73.16,hcolliarlc,Flowdesk,3.56,Eget.avi
12/23/2012,3:06 AM,98.127.100.31,ifromontld,Solarbreeze,5.60,ConsectetuerAdipiscingElit.mp3
3/8/1983,2:45 PM,165.154.153.71,gcreggle,Tampflex,3.58,Sit.avi
12/13/2015,5:04 PM,88.251.67.15,mmaccallesterlf,Tin,8.97,RutrumRutrumNeque.tiff
8/5/2006,7:54 AM,171.249.75.56,pfrangletonlg,Regrant,1.92,AnteIpsum.tiff
5/28/2001,5:49 PM,175.245.209.136,jkocherlh,Zathin,0.6.9,JustoEtiamPretium.tiff
12/14/2015,2:18 AM,63.213.171.107,ckenratli,Alphazap,0.9.2,ConvallisNuncProin.ppt
11/24/2011,3:28 AM,3.74.14.183,kyveslj,Viva,5.04,PorttitorPede.mp3
2/13/2014,9:01 PM,179.91.99.219,dhavillelk,Temp,2.5.0,AtVelit.ppt
11/28/1986,1:26 PM,91.23.211.169,dwylltll,Greenlam,0.7.0,AmetEleifend.gif
6/15/1992,10:45 AM,25.134.196.116,ngauntlm,Flowdesk,2.5.8,HacHabitassePlatea.avi
11/8/2013,11:24 PM,72.78.3.0,sconaghanln,Kanlam,0.93,Platea.xls
6/10/1996,9:30 PM,179.245.169.97,atregenzalo,Home Ing,3.5.3,Ultrices.tiff
9/3/2013,2:55 AM,106.212.61.44,bgeaneylp,Y-Solowarm,0.1.8,VenenatisNonSodales.mov
1/8/1996,7:13 AM,141.241.160.10,dcribbinslq,Sub-Ex,2.5,DuisAcNibh.jpeg
1/18/2007,4:01 AM,203.95.173.113,sbootylr,Matsoft,3.35,AmetCursus.doc
11/5/2012,1:48 AM,7.141.168.69,mtraysls,Sonsing,0.60,VestibulumQuam.mp3
5/7/1992,5:35 AM,87.97.171.140,bwalcherlt,Kanlam,0.2.3,NasceturRidiculus.ppt
11/19/1990,1:58 AM,104.102.233.97,ccapeylu,Zoolab,0.6.3,SapienDignissimVestibulum.avi
10/5/2001,3:30 AM,217.200.44.130,mkerfootlv,Tampflex,9.0.5,Eu.xls
3/26/2017,2:42 AM,149.95.32.17,cpinardlw,Sonsing,8.60,MaurisNon.ppt
12/12/1988,7:14 AM,235.48.59.138,sgreatreaxlx,Redhold,0.3.2,BlanditUltricesEnim.mov
12/30/1998,12:39 AM,139.169.253.107,eeassebyly,Transcof,0.1.2,DisParturientMontes.ppt
12/3/1992,8:55 AM,248.92.22.147,tmealiffelz,Zamit,1.4.7,MaurisViverraDiam.ppt
1/22/2017,6:58 PM,161.120.10.248,nmitchensonm0,Fintone,9.4,ConvallisDuisConsequat.png
2/15/1997,12:31 AM,140.158.205.70,lblaszczykm1,Bamity,0.9.2,AliquetMaecenasLeo.mpeg
11/28/2003,8:37 PM,209.59.5.77,ddrewcliftonm2,Toughjoyfax,0.1.6,JustoLaciniaEget.avi
5/29/2004,4:19 AM,100.21.49.114,vsambedgem3,Lotlux,0.3.2,PedeLibero.jpeg
12/22/2008,12:35 AM,250.110.139.2,acrainm4,Stronghold,0.70,Faucibus.xls
12/1/2016,3:12 AM,164.41.184.45,crobelinm5,Aerified,8.9.9,Faucibus.mp3
3/16/1988,3:47 AM,100.143.22.159,kfishpoolem6,Veribet,8.3,InAnte.xls
10/27/2017,1:17 AM,231.219.81.61,ysantinom7,Treeflex,2.66,NislAeneanLectus.doc
7/29/1994,2:12 AM,122.116.102.202,fraltonm8,Tampflex,7.3,ParturientMontes.ppt
2/28/1999,9:46 AM,172.5.134.232,teldridm9,Y-find,1.3.2,AcEst.jpeg
12/4/1991,9:58 AM,62.141.226.179,jherreranma,Job,1.4,PurusSit.mp3
5/10/2008,10:02 AM,224.165.95.181,jtestromb,Veribet,0.7.8,EratFermentumJusto.ppt
2/24/1988,11:56 PM,108.238.212.117,cfurssemc,Toughjoyfax,1.7,MorbiOdioOdio.jpeg
10/16/1996,9:06 AM,91.196.229.108,phethronmd,Treeflex,0.28,Faucibus.tiff
4/20/1999,3:14 PM,222.81.109.243,tcorfieldme,Alpha,0.10,TortorId.mp3
6/21/1988,7:09 PM,40.165.105.207,kathowmf,Konklux,3.8.3,Augue.tiff
9/22/1990,6:06 AM,176.192.199.46,mdecourcymg,Y-find,0.6.2,Lacus.avi
7/16/2006,7:49 AM,83.96.193.95,jweymontmh,Holdlamis,3.20,EgetEleifend.pdf
12/16/2001,5:05 PM,200.206.221.228,mtironmi,Voyatouch,6.3,Tincidunt.mp3
6/1/2012,12:50 AM,142.239.66.60,kmcsarrymj,Flowdesk,0.20,PedeMalesuada.mp3
1/29/2008,12:06 PM,31.44.112.71,pboickmk,Fix San,5.5.3,MaecenasTincidunt.mov
8/23/2006,1:08 PM,26.108.26.156,rfitchetml,Voyatouch,8.6.9,VestibulumRutrum.mp3
1/29/2017,12:52 PM,138.169.236.85,kchezellemm,Konklux,0.5.3,CongueEgetSemper.mpeg
11/18/1991,11:12 AM,39.69.9.95,abramontmn,Zamit,0.29,QuamTurpis.avi
3/2/2018,9:25 PM,190.1.137.2,cparemanmo,Matsoft,4.7,VestibulumAnteIpsum.mp3
2/6/2011,11:22 PM,218.121.152.148,fhelismp,Cookley,1.6.8,NecNisiVulputate.jpeg
9/21/2017,9:43 AM,252.245.7.66,emonnimq,Flexidy,9.5.3,Quam.mpeg
4/9/1982,11:15 AM,158.28.172.8,mbishmr,Matsoft,9.5.5,Accumsan.mp3
5/24/2005,2:29 AM,251.21.57.197,dlowndsms,Job,0.20,Vestibulum.pdf
8/1/1987,10:18 AM,213.240.43.14,sburbankmt,Tin,6.4,Praesent.avi
5/31/2016,10:38 PM,0.69.4.119,chainsworthmu,Fixflex,0.33,AmetConsectetuerAdipiscing.mov
7/17/2005,1:50 AM,147.236.254.39,lamthormv,Alpha,0.2.4,DonecUt.avi
11/18/2002,5:24 PM,210.144.149.183,araffonmw,Sub-Ex,4.1,PlateaDictumstMaecenas.mp3
2/27/1996,3:12 AM,76.42.214.152,jdenesmx,Aerified,2.75,PellentesqueVolutpat.ppt
11/16/1982,3:27 PM,214.116.99.144,aturnermy,Matsoft,7.6,Sed.ppt
4/21/2014,12:25 AM,199.125.103.2,caartsenmz,Domainer,9.8.2,NibhFusceLacus.ppt
4/30/1996,8:20 AM,139.198.249.62,eholdinn0,Bamity,4.2.4,Pulvinar.mpeg
12/16/1997,5:37 AM,10.190.174.126,nyanshinovn1,Konklab,0.81,ElitProin.mpeg
3/6/2004,12:14 PM,236.240.171.192,nstephensn2,Cardguard,1.9,Vestibulum.tiff
5/23/2003,5:59 AM,245.30.171.184,lcumeskyn3,Sub-Ex,0.6.0,Nec.doc
10/22/2016,7:05 AM,156.126.211.249,sjonssonn4,Job,4.79,PlateaDictumstMorbi.jpeg
11/12/1992,4:13 AM,100.100.103.126,celluln5,Asoka,0.8.8,Libero.tiff
2/8/2002,8:51 AM,251.230.181.195,tsandilandn6,Temp,9.0,Ultrices.mov
2/7/2005,2:21 AM,163.124.99.187,hthurleyn7,Vagram,1.30,Cursus.txt
3/2/1993,2:39 AM,198.220.148.122,jmclevien8,Holdlamis,4.9,Vel.mpeg
2/15/2017,4:38 AM,104.54.235.236,crontreen9,Voltsillam,3.8.7,SedJustoPellentesque.tiff
9/4/2014,5:40 PM,3.151.57.207,amccrayna,Transcof,6.7.8,AugueLuctusTincidunt.ppt
9/25/1984,11:43 PM,63.2.206.64,ncleynmannb,Tres-Zap,0.3.1,LeoMaecenas.pdf
9/2/2011,1:06 PM,200.81.215.57,bsawdync,Bamity,6.7,Nascetur.jpeg
6/8/1997,7:18 AM,158.42.75.24,bfairclothnd,Ronstring,9.68,PretiumIaculisDiam.tiff
8/29/2009,6:29 PM,69.32.56.120,svassiene,Cookley,1.9.6,MattisNibh.jpeg
12/2/1997,9:43 AM,70.102.129.184,kbatenf,Flowdesk,5.50,RhoncusAliquetPulvinar.ppt
3/31/2006,9:07 PM,121.129.3.150,ttackng,Rank,4.40,Etiam.gif
10/9/2000,8:56 PM,102.48.69.71,esullivannh,Trippledex,0.9.4,ConsectetuerEgetRutrum.mov
11/4/1985,7:53 AM,48.133.233.61,aseggieni,Prodder,0.1.0,QuisTurpis.ppt
9/12/2010,8:20 PM,221.62.7.129,jmcentagartnj,Bytecard,0.2.9,UtNunc.xls
10/21/2010,12:04 PM,194.101.235.22,adegiorgink,Biodex,0.7.2,AugueAliquamErat.doc
5/16/2003,12:34 AM,251.82.139.160,rdesimoninl,Keylex,0.62,EratQuisqueErat.gif
11/18/2013,10:05 AM,174.82.124.43,cgenickenm,Span,8.8.1,OrciMaurisLacinia.mov
11/24/2014,6:57 PM,213.114.244.35,dstedsonnn,Lotstring,4.2.6,Interdum.png
1/25/2015,5:40 PM,76.177.61.147,bheysno,Cardify,9.9.0,SemperSapien.tiff
4/9/2017,9:45 PM,31.97.112.8,vgommowenp,Stronghold,2.3,EleifendLuctusUltricies.gif
11/25/2017,9:21 AM,36.95.5.98,amartlewnq,Greenlam,4.0.0,SapienSapienNon.xls
1/31/2014,3:10 PM,179.244.20.12,sswansburynr,Matsoft,2.88,LigulaSitAmet.avi
2/8/2004,1:26 PM,243.218.138.174,tbirdseyns,Zathin,0.46,Donec.doc
3/28/2002,2:23 AM,198.42.102.105,epoltonent,Bamity,0.8.7,EratFermentum.avi
1/31/2016,7:36 AM,236.39.215.84,rflorentinenu,Lotstring,7.4.1,VestibulumEget.mpeg
6/8/2002,3:03 PM,142.219.35.53,cketteringhamnv,Hatity,8.0.8,Semper.ppt
10/10/1987,4:12 PM,88.156.96.206,emitchelsonnw,Toughjoyfax,8.79,Varius.gif
11/6/2011,2:41 PM,50.124.86.197,vsekullanx,Treeflex,7.6,Ut.avi
6/2/1999,3:47 PM,68.9.166.238,cmargrieny,Matsoft,2.47,NullaQuisqueArcu.gif
12/15/1999,10:04 AM,195.237.141.204,tnorcottnz,Sonsing,0.68,SollicitudinVitaeConsectetuer.ppt
10/27/2015,10:27 AM,254.222.155.10,jdonnellyo0,Regrant,5.85,MorbiOdio.mpeg
8/27/1995,9:58 PM,25.35.126.62,espelwoodo1,Latlux,0.5.2,Erat.xls
11/25/1994,5:27 AM,12.52.130.20,aessono2,Bytecard,1.13,NecNisiVulputate.xls
1/23/2009,12:21 AM,134.91.224.29,aderricoo3,Andalax,9.00,QuisqueEratEros.gif
9/9/1985,1:05 AM,198.196.223.248,shuetsono4,Andalax,0.91,SapienArcu.mpeg
8/31/1983,5:10 PM,246.246.43.141,spennyo5,Rank,2.7,Habitasse.pdf
3/21/2009,12:49 AM,195.184.211.85,aheitzo6,Treeflex,7.4,NisiVenenatis.pdf
6/4/2011,7:18 PM,77.178.64.111,bboobiero7,Daltfresh,0.8.9,Adipiscing.mp3
7/13/2003,11:44 PM,229.55.13.93,chabbleo8,Bitwolf,0.1.0,InSapien.png
6/19/2009,10:39 PM,78.154.222.41,aborrieo9,Stringtough,0.34,Vulputate.tiff
10/15/1987,10:58 AM,162.173.101.243,jlossmanoa,Matsoft,8.1,Ac.mp3
4/27/2001,2:01 AM,36.132.18.235,tbereclothob,Duobam,9.6.4,Ultrices.gif
12/25/2008,7:11 AM,111.107.9.109,aruslingoc,Subin,0.83,AmetLobortis.gif
2/24/1986,9:12 PM,184.30.183.232,etinmouthod,Ventosanzap,0.23,DuiProin.xls
8/26/1990,5:07 PM,140.72.26.141,mtizzardoe,Tempsoft,5.7.3,VolutpatEratQuisque.mov
12/7/2010,3:06 AM,49.124.25.80,bslydeof,Tresom,0.83,CumSociisNatoque.ppt
5/30/1986,10:45 AM,84.223.167.254,spotteryog,Tempsoft,0.43,SapienNon.jpeg
8/30/1990,1:50 AM,210.247.4.237,jkissoh,Voyatouch,8.79,ViverraPedeAc.mp3
12/6/2013,5:07 AM,105.240.89.78,lclemersonoi,Treeflex,8.6.7,In.jpeg
4/8/1986,9:27 PM,83.246.131.62,teastupoj,Tres-Zap,0.3.1,AdipiscingElit.avi
7/14/2006,5:49 AM,224.37.158.95,spiaggiaok,Aerified,8.2,MorbiVestibulumVelit.xls
8/15/2015,6:21 AM,70.218.143.20,bcoggingsol,Ventosanzap,8.2,LoremIpsumDolor.jpeg
8/23/1989,10:39 PM,83.226.189.177,dsomertonom,Redhold,0.4.4,TortorRisusDapibus.mp3
9/10/2010,5:54 AM,240.177.226.58,lhandrahanon,Lotstring,0.42,Turpis.jpeg
3/16/2008,11:26 AM,77.44.25.84,lmansouroo,Trippledex,3.6,EgetMassaTempor.xls
7/1/1987,12:34 PM,183.48.207.113,dspanswickop,Tres-Zap,0.65,Adipiscing.xls
7/17/1997,7:39 AM,108.102.196.226,rfraczakoq,Daltfresh,8.2,LigulaIn.mov
9/24/1998,9:06 AM,226.53.39.34,dburleor,Tin,0.3.4,ConsequatLectusIn.mp3
10/21/2003,12:56 PM,172.152.166.23,estaddingos,Treeflex,0.7.0,CumSociisNatoque.xls
10/13/1984,11:07 PM,8.176.197.132,thardyot,Konklux,0.80,NuncRhoncus.xls
2/9/2017,10:14 AM,146.230.176.215,rbagbyou,Andalax,0.8.9,Est.tiff
6/24/1987,5:58 PM,99.116.176.55,fambresinov,Tres-Zap,0.66,AmetTurpisElementum.avi
9/23/1994,8:02 AM,88.125.225.211,tderbyow,Domainer,0.66,PellentesqueUltrices.xls
12/29/2016,6:44 AM,132.174.162.75,dlipscombeox,Flexidy,5.4,BlanditNonInterdum.avi
10/5/1993,6:36 PM,233.22.152.15,ccastanyeroy,Fix San,8.2,Posuere.xls
4/2/2007,2:18 PM,239.64.3.117,sstembridgeoz,Konklab,0.5.1,Aliquam.doc
5/14/2010,12:22 AM,160.128.33.74,nmaphamp0,Stim,3.9,PhasellusInFelis.mp3
3/11/2007,4:22 AM,51.171.4.73,lribyp1,Asoka,4.37,ProinAtTurpis.mp3
4/4/1996,8:08 AM,76.160.226.37,bcherryholmep2,Home Ing,0.39,QuisqueUt.avi
9/9/2014,1:48 AM,125.87.191.227,eglindep3,Tampflex,0.6.6,Eu.ppt
5/15/2016,7:44 PM,143.84.96.152,nhamnetp4,Tres-Zap,3.5,VitaeConsectetuerEget.txt
9/9/1984,11:21 PM,14.189.65.202,pdallp5,Gembucket,4.1.9,TurpisA.jpeg
1/25/1988,12:33 AM,18.160.127.91,hclampp6,Tin,6.93,SuspendisseAccumsanTortor.jpeg
10/16/2011,3:07 AM,246.115.44.151,qpaulmannp7,Otcom,0.3.0,AmetSapienDignissim.xls
7/27/1988,9:18 PM,79.190.122.183,jfranyp8,Biodex,2.65,MorbiVelLectus.tiff
7/25/1991,8:27 AM,31.8.139.239,wsagep9,Gembucket,0.9.8,InHacHabitasse.ppt
9/3/1987,3:36 AM,114.229.232.153,ljarrittpa,Prodder,5.83,ImperdietNullam.jpeg
3/30/2017,10:26 PM,14.91.225.66,wrullerpb,Namfix,6.7.8,In.avi
10/30/1999,1:34 AM,75.118.243.249,pgrigollipc,Temp,0.9.4,SuscipitLigulaIn.mp3
7/30/1992,2:39 PM,77.151.138.97,alaythampd,Veribet,2.6.7,AliquetMaecenasLeo.mov
5/6/2006,2:30 AM,194.193.80.221,smckeemanpe,Overhold,0.4.1,VelPedeMorbi.ppt
7/26/2006,1:49 PM,173.174.225.67,wthoresbypf,Tempsoft,3.2.5,DonecDiamNeque.jpeg
2/8/1993,12:34 AM,74.54.48.9,elearoydpg,Subin,8.8.8,PedeMorbiPorttitor.jpeg
3/17/2001,4:57 AM,219.211.153.156,cmaybeyph,Latlux,0.9.9,DuisAliquamConvallis.mp3
4/16/1991,7:07 PM,104.61.68.86,dgorsepi,Redhold,2.2.8,Ultricies.jpeg
2/12/1998,5:36 PM,58.1.114.81,lerteltpj,Tres-Zap,2.4.9,PretiumQuis.avi
7/8/2015,4:08 AM,172.98.206.49,kclymerpk,Y-find,1.68,VestibulumAc.mp3
2/7/2003,2:55 AM,39.227.247.65,klemmerpl,Zathin,5.8,MaurisUllamcorperPurus.ppt
5/3/2017,9:48 PM,131.24.58.133,cfoordpm,Alpha,9.9,PedeAcDiam.avi
9/9/2012,3:22 AM,173.181.60.123,lwildtpn,Prodder,7.89,CongueDiam.txt
8/5/1991,5:39 AM,130.222.227.141,mmaddinonpo,Cardguard,9.48,Ligula.avi
5/26/2005,2:42 PM,114.109.200.51,kvsanellipp,Flexidy,6.0,Volutpat.xls
6/26/1997,2:51 PM,52.143.19.172,nbaddileypq,Fix San,0.9.2,CrasNonVelit.mpeg
12/13/2003,4:03 PM,209.13.142.166,afeldhammerpr,Konklab,2.8.7,Faucibus.xls
7/19/1992,9:30 AM,135.246.128.254,jsidebottomps,Temp,5.8.1,NuncViverra.xls
4/20/2004,9:50 AM,94.172.203.55,gtudballpt,Lotlux,0.6.2,AcNequeDuis.jpeg
1/6/2004,7:52 PM,74.189.116.77,kcapenorpu,Latlux,0.6.3,NisiNam.mp3
12/18/2011,9:53 PM,92.213.95.99,lebleinpv,Cardify,9.1,Erat.avi
11/2/2008,11:54 PM,102.186.249.152,htorbetpw,Flowdesk,7.12,AmetLobortisSapien.ppt
4/30/1984,9:59 PM,191.90.101.149,emacneilagepx,Treeflex,0.90,LoremInteger.ppt
9/19/1998,10:29 AM,10.1.72.213,drussampy,Bytecard,0.95,JustoAliquam.pdf
7/21/1990,7:06 PM,217.208.157.93,lgalieropz,Ronstring,5.8.8,PraesentBlandit.mpeg
11/21/2009,5:35 PM,24.238.21.237,iniemiecq0,Sonsing,0.6.7,LuctusTinciduntNulla.xls
5/8/2003,6:27 AM,78.115.42.95,kbottonerq1,Opela,8.4.3,ErosElementumPellentesque.tiff
12/14/2011,11:15 PM,155.150.215.6,tarensq2,Solarbreeze,0.3.1,Orci.mp3
11/16/1986,3:25 AM,226.188.77.127,cbonickq3,Bitwolf,4.3.2,Justo.png
3/15/1994,8:24 PM,120.136.68.99,epaulonq4,Bamity,0.54,EgetEros.txt
10/30/2017,7:22 AM,183.128.209.43,cpaszakq5,Alphazap,8.6.4,IdMassaId.mov
7/11/1985,10:43 PM,30.163.61.29,hdownieq6,Bytecard,4.57,PretiumQuis.txt
9/23/1997,2:56 AM,103.85.198.210,kaitchesonq7,Ventosanzap,8.42,PosuereFelisSed.mp3
5/13/2012,1:07 PM,48.106.247.102,mbywaterq8,Zamit,4.2.1,LoremVitae.xls
12/25/1983,12:05 AM,140.66.151.119,cpaoloneq9,Voyatouch,7.2,NisiNamUltrices.avi
5/9/2005,5:41 PM,67.190.145.82,jeynaudqa,Ronstring,0.45,PlaceratPraesent.txt
10/5/1998,8:06 AM,186.64.9.19,kgerardotqb,Greenlam,0.64,SociisNatoquePenatibus.pdf
11/18/2008,4:12 PM,103.86.49.252,gtoppqc,Cardguard,3.20,NecDuiLuctus.avi
3/14/1990,7:34 AM,37.55.103.131,plethbyqd,Cardguard,6.94,AliquamQuis.mp3
5/2/2004,11:02 AM,236.128.247.85,clappineqe,Home Ing,6.8.5,NamUltricesLibero.png
9/22/2009,12:59 PM,16.108.224.28,gkrojnqf,Quo Lux,0.6.9,AdipiscingElitProin.pdf
12/24/1985,10:40 AM,126.171.160.77,astedeqg,Ronstring,1.3.6,Et.tiff
3/10/1995,3:53 PM,201.206.27.174,gbrewardqh,Andalax,0.2.1,Ipsum.tiff
3/20/1998,5:38 PM,90.196.193.208,kgarnqi,Transcof,7.74,DiamIdOrnare.avi
7/9/2014,11:51 AM,86.180.230.0,afiveashqj,Holdlamis,0.6.3,Risus.mp3
3/17/2008,1:43 PM,177.217.52.52,plabouneqk,Zamit,4.6,TortorQuis.mp3
5/11/1988,12:05 PM,99.194.116.97,npeeblesql,Tresom,7.9.3,Erat.doc
5/7/1985,10:11 AM,110.169.245.36,adeabillqm,Subin,6.0.0,AugueVestibulum.xls
6/1/1995,8:02 AM,14.148.218.239,lcicciqn,Voltsillam,0.4.6,Vulputate.ppt
7/11/2000,8:59 AM,8.111.205.229,cmetrickqo,Holdlamis,7.53,VelDapibus.pdf
7/2/2008,11:23 AM,144.51.42.14,ccossonqp,Otcom,3.4,AmetJustoMorbi.tiff
4/22/2005,1:29 AM,184.136.7.19,jgoulborneqq,Asoka,5.09,Interdum.mp3
9/11/2014,9:11 AM,20.23.81.157,jspikeingsqr,Zaam-Dox,5.4,Nisi.png
10/26/1999,4:24 AM,62.65.107.232,gconsidineqs,Y-Solowarm,2.05,InPurus.jpeg
10/24/1989,12:32 AM,115.48.170.103,jrackleyqt,Andalax,7.0.4,UtOdio.avi
11/4/2004,6:45 PM,233.215.85.13,aphilippaultqu,Lotlux,6.9.5,Dui.pdf
1/2/1998,6:50 AM,145.157.231.170,chobbenqv,Cardify,0.67,FelisFuscePosuere.avi
7/10/1992,6:15 AM,69.62.184.51,cbaldettiqw,Tempsoft,5.8,ConsequatMetusSapien.avi
8/2/2013,1:59 PM,57.153.107.103,vwisdishqx,Hatity,0.68,OrciMaurisLacinia.txt
9/1/2000,2:21 PM,57.40.70.41,jtreneerqy,Bitwolf,3.94,JustoSollicitudinUt.mp3
4/24/1986,6:58 PM,194.8.246.230,csibbitqz,Tin,3.78,AtDolor.txt
9/2/2010,1:29 PM,207.26.15.226,edavidger0,Stringtough,5.72,EgetElitSodales.jpeg
1/27/1999,12:13 PM,247.188.203.22,ccrossgrover1,Span,7.18,AdipiscingElit.jpeg
11/13/2012,1:17 AM,192.43.228.157,akynastonr2,Trippledex,1.9.5,Maecenas.avi
11/20/1986,2:12 AM,254.133.75.91,rbardsleyr3,Redhold,0.36,TortorIdNulla.tiff
12/12/2007,2:34 PM,80.78.62.72,nlongriggr4,Zaam-Dox,2.2,PedeLobortisLigula.avi
12/30/2005,11:35 PM,57.253.67.235,anewlandsr5,Stim,0.15,SapienDignissimVestibulum.avi
4/6/2010,11:48 AM,221.178.234.45,phardikerr6,Mat Lam Tam,3.55,MaecenasUtMassa.tiff
6/1/2016,4:38 PM,174.197.236.227,vlordr7,Redhold,9.52,Sed.tiff
4/19/1989,12:59 PM,166.95.0.102,kburnellr8,Biodex,4.1,QuisqueErat.gif
8/2/2005,8:16 AM,222.103.146.71,kebbenr9,Biodex,0.38,VelitEu.mov
9/23/1994,1:31 PM,157.32.96.210,zbiggsra,Quo Lux,9.8,NonMattis.doc
3/30/2012,8:13 PM,128.165.213.142,maspyrb,Voyatouch,5.4,Turpis.avi
8/13/1997,9:01 AM,43.62.248.89,tfoxtonrc,Cookley,0.75,PurusSit.mp3
10/24/1995,12:23 AM,136.111.113.83,nenderbyrd,Stim,3.3.0,QuamSuspendissePotenti.txt
5/5/1987,9:45 AM,8.252.54.44,dmoohanre,Home Ing,5.47,NonMauris.mp3
6/6/1999,12:37 AM,15.121.225.200,opilkintonrf,Konklux,0.47,AeneanAuctorGravida.xls
1/30/1997,4:48 AM,94.75.14.87,ecardinalrg,Job,3.4.4,Ultrices.tiff
10/5/1982,4:02 PM,220.66.187.193,peakenrh,Ventosanzap,7.9,Libero.avi
9/19/1991,8:32 PM,250.2.193.168,nburwoodri,Flowdesk,0.1.4,Vulputate.ppt
7/17/1995,5:01 AM,195.247.22.232,gfoggorj,Biodex,0.7.5,NequeLibero.mp3
6/30/2004,6:02 AM,75.8.251.154,jdomoneyrk,Zaam-Dox,4.04,Aenean.jpeg
11/25/2016,11:48 PM,181.243.9.122,bsevenrl,Konklux,8.2.1,Habitasse.ppt
2/12/1985,11:25 PM,200.228.127.183,dcrumbleholmerm,Domainer,0.5.9,AugueQuam.mov
3/9/2002,12:52 AM,48.57.186.123,gcurnerrn,Flexidy,0.2.8,UtNullaSed.xls
8/16/1998,7:14 AM,3.6.46.183,dmathiero,Bigtax,8.6.1,TellusNullaUt.xls
9/18/2004,12:07 AM,124.122.41.235,bchadburnrp,Asoka,4.97,DictumstEtiamFaucibus.pdf
4/14/2014,6:59 AM,16.190.101.251,rwelchrq,Span,0.21,EtUltricesPosuere.xls
4/22/2013,1:37 AM,158.240.30.172,mlocketrr,Home Ing,6.7,Risus.mp3
